1;Rickard;Chugg;rchugg0@time.com;Male;83.152.55.230;08/10/2018;
2;Frederica;Tassel;ftassel1@ycombinator.com;Female;162.237.108.24;09/29/2018;
3;Conrade;Hammell;chammell2@tuttocitta.it;Male;33.109.110.43;04/27/2018;
4;Rakel;O'Dennehy;rodennehy3@cloudflare.com;Female;206.14.201.190;10/22/2018;
5;Gayle;Tomaskov;gtomaskov4@google.com.br;Male;15.207.123.134;08/18/2018;
6;Allistir;Allanby;aallanby5@youku.com;Male;89.17.204.245;03/16/2018;
7;Sheila;Neumann;sneumann6@yahoo.co.jp;Female;243.189.193.240;03/21/2018;
8;Dorie;Fernihough;dfernihough7@hc360.com;Female;211.97.139.92;10/09/2018;
9;Kelby;Mawdsley;kmawdsley8@pbs.org;Male;42.132.151.95;03/09/2018;
10;Shurlock;Campes;scampes9@rambler.ru;Male;179.250.121.37;07/06/2018;
11;Jennie;Davidge;jdavidgea@si.edu;Female;175.190.173.250;03/01/2018;
12;Abdel;Lacotte;alacotteb@liveinternet.ru;Male;252.46.249.189;05/26/2018;
13;Felix;Thurlbeck;fthurlbeckc@statcounter.com;Male;9.234.251.231;08/31/2018;
14;Codie;Shervil;cshervild@auda.org.au;Female;162.176.226.233;06/06/2018;
15;Filippa;Gladdish;fgladdishe@bluehost.com;Female;131.78.185.107;02/02/2018;
16;Ginger;Lelievre;glelievref@sourceforge.net;Male;125.31.214.108;01/28/2018;
17;Stace;Hucknall;shucknallg@artisteer.com;Female;145.215.84.37;06/17/2018;
18;Franny;Saywell;fsaywellh@cnet.com;Female;17.204.109.128;05/23/2018;
19;Ronni;Bundey;rbundeyi@blogger.com;Female;179.55.183.246;01/04/2019;
20;Penelope;Sedcole;psedcolej@irs.gov;Female;218.224.218.4;02/03/2018;
21;Mic;Goodram;mgoodramk@tinypic.com;Male;163.236.123.157;07/09/2018;
22;Lorens;Deverock;ldeverockl@ftc.gov;Male;197.116.14.115;09/10/2018;
23;Keir;Challiner;kchallinerm@blinklist.com;Male;29.239.246.151;06/13/2018;
24;Brand;Welchman;bwelchmann@guardian.co.uk;Male;19.67.98.73;07/16/2018;
25;Harlan;Longfoot;hlongfooto@cdbaby.com;Male;108.138.224.224;01/05/2019;
26;Ami;Beeching;abeechingp@google.fr;Female;186.167.163.250;08/05/2018;
27;Quintilla;Haycroft;qhaycroftq@ovh.net;Female;93.243.143.208;03/18/2018;
28;Sioux;Guillain;sguillainr@ehow.com;Female;167.124.61.128;06/09/2018;
29;Mary;Comins;mcominss@wired.com;Female;70.8.248.36;11/29/2018;
30;Michele;Masedon;mmasedont@etsy.com;Male;116.176.18.112;09/11/2018;
31;Peyter;Scotter;pscotteru@scribd.com;Male;116.195.165.174;10/09/2018;
32;Mathe;Cabane;mcabanev@liveinternet.ru;Male;92.160.133.9;08/29/2018;
33;Ellis;Mowett;emowettw@hibu.com;Male;13.183.170.66;08/20/2018;
34;Myranda;Chittock;mchittockx@tripod.com;Female;27.160.131.166;06/25/2018;
35;Bucky;Praill;bprailly@over-blog.com;Male;90.246.55.221;07/09/2018;
36;Sophronia;Bendle;sbendlez@bravesites.com;Female;98.44.235.121;05/31/2018;
37;Nappy;Pelcheur;npelcheur10@oakley.com;Male;144.125.238.34;07/01/2018;
38;Hillie;Oehme;hoehme11@nih.gov;Male;101.61.154.83;12/15/2018;
39;Rustie;Digg;rdigg12@bing.com;Male;150.178.129.6;06/27/2018;
40;Trumaine;Boydell;tboydell13@mapquest.com;Male;203.175.10.144;05/31/2018;
41;Estrellita;Gradley;egradley14@cafepress.com;Female;153.110.70.197;04/03/2018;
42;Randene;Blaney;rblaney15@businessweek.com;Female;243.206.183.91;11/11/2018;
43;Anissa;Dunbobin;adunbobin16@msu.edu;Female;243.24.255.184;01/11/2019;
44;Dugald;Jesse;djesse17@berkeley.edu;Male;67.130.222.157;10/16/2018;
45;Ivar;Flindall;iflindall18@macromedia.com;Male;173.35.107.216;03/28/2018;
46;Karissa;Sollas;ksollas19@omniture.com;Female;112.18.97.247;11/04/2018;
47;Licha;Cottey;lcottey1a@livejournal.com;Female;232.82.2.174;05/07/2018;
48;Alice;Havick;ahavick1b@discovery.com;Female;144.107.84.97;03/10/2018;
49;Calv;Holliar;cholliar1c@aol.com;Male;179.249.114.52;07/06/2018;
50;Theadora;Powley;tpowley1d@plala.or.jp;Female;155.200.161.202;05/18/2018;
