id,first_name,last_name,email,gender,ip_address,date_of_birth,
1,Rickard,Chugg,,Male,83.152.55.230,08/10/2018,
2,Frederica,Tassel,ftassel1@ycombinator.com,Female,162.237.108.24,09/29/2018,
3,Conrade,Hammell,chammell2@tuttocitta.it,Male,33.109.110.43,04/27/2018,
4,Rakel,O'Dennehy,rodennehy3@cloudflare.com,Female,206.14.201.190,10/22/2018,
5,Gayle,Tomaskov,gtomaskov4@google.com.br,Male,15.207.123.134,08/18/2018,
6,Allistir,Allanby,aallanby5@youku.com,Male,89.17.204.245,03/16/2018,
7,Sheila,Neumann,sneumann6@yahoo.co.jp,Female,243.189.193.240,03/21/2018,
8,Dorie,Fernihough,dfernihough7@hc360.com,Female,211.97.139.92,10/09/2018,
9,Kelby,Mawdsley,kmawdsley8@pbs.org,Male,42.132.151.95,03/09/2018,
10,Shurlock,Campes,scampes9@rambler.ru,Male,179.250.121.37,07/06/2018,
11,Jennie,Davidge,jdavidgea@si.edu,Female,175.190.173.250,03/01/2018,
12,Abdel,Lacotte,alacotteb@liveinternet.ru,Male,252.46.249.189,05/26/2018,
13,Felix,Thurlbeck,fthurlbeckc@statcounter.com,Male,9.234.251.231,08/31/2018,
14,Codie,Shervil,cshervild@auda.org.au,Female,162.176.226.233,06/06/2018,
15,Filippa,Gladdish,fgladdishe@bluehost.com,Female,131.78.185.107,02/02/2018,
16,Ginger,Lelievre,glelievref@sourceforge.net,Male,125.31.214.108,01/28/2018,
17,Stace,Hucknall,shucknallg@artisteer.com,Female,145.215.84.37,06/17/2018,
18,Franny,Saywell,fsaywellh@cnet.com,Female,17.204.109.128,05/23/2018,
19,Ronni,Bundey,rbundeyi@blogger.com,Female,179.55.183.246,01/04/2019,
20,Penelope,Sedcole,psedcolej@irs.gov,Female,218.224.218.4,02/03/2018,
21,Mic,Goodram,mgoodramk@tinypic.com,Male,163.236.123.157,07/09/2018,
22,Lorens,Deverock,ldeverockl@ftc.gov,Male,197.116.14.115,09/10/2018,
23,Keir,Challiner,kchallinerm@blinklist.com,Male,29.239.246.151,06/13/2018,
24,Brand,Welchman,bwelchmann@guardian.co.uk,Male,19.67.98.73,07/16/2018,
25,Harlan,Longfoot,hlongfooto@cdbaby.com,Male,108.138.224.224,01/05/2019,
26,Ami,Beeching,abeechingp@google.fr,Female,186.167.163.250,08/05/2018,
27,Quintilla,Haycroft,qhaycroftq@ovh.net,Female,93.243.143.208,03/18/2018,
28,Sioux,Guillain,sguillainr@ehow.com,Female,167.124.61.128,06/09/2018,
29,Mary,Comins,mcominss@wired.com,Female,70.8.248.36,11/29/2018,
30,Michele,Masedon,mmasedont@etsy.com,Male,116.176.18.112,09/11/2018,
31,Peyter,Scotter,pscotteru@scribd.com,Male,116.195.165.174,10/09/2018,
32,Mathe,Cabane,mcabanev@liveinternet.ru,Male,92.160.133.9,08/29/2018,
33,Ellis,Mowett,emowettw@hibu.com,Male,13.183.170.66,08/20/2018,
34,Myranda,Chittock,mchittockx@tripod.com,Female,27.160.131.166,06/25/2018,
35,Bucky,Praill,bprailly@over-blog.com,Male,90.246.55.221,07/09/2018,
36,Sophronia,Bendle,sbendlez@bravesites.com,Female,98.44.235.121,05/31/2018,
37,Nappy,Pelcheur,npelcheur10@oakley.com,Male,144.125.238.34,07/01/2018,
38,Hillie,Oehme,hoehme11@nih.gov,Male,101.61.154.83,12/15/2018,
39,Rustie,Digg,rdigg12@bing.com,Male,150.178.129.6,06/27/2018,
40,Trumaine,Boydell,tboydell13@mapquest.com,Male,203.175.10.144,05/31/2018,
41,Estrellita,Gradley,egradley14@cafepress.com,Female,153.110.70.197,04/03/2018,
42,Randene,Blaney,rblaney15@businessweek.com,Female,243.206.183.91,11/11/2018,
43,Anissa,Dunbobin,adunbobin16@msu.edu,Female,243.24.255.184,01/11/2019,
44,Dugald,Jesse,djesse17@berkeley.edu,Male,67.130.222.157,10/16/2018,
45,Ivar,Flindall,iflindall18@macromedia.com,Male,173.35.107.216,03/28/2018,
46,Karissa,Sollas,ksollas19@omniture.com,Female,112.18.97.247,11/04/2018,
47,Licha,Cottey,lcottey1a@livejournal.com,Female,232.82.2.174,05/07/2018,
48,Alice,Havick,ahavick1b@discovery.com,Female,144.107.84.97,03/10/2018,
49,Calv,Holliar,cholliar1c@aol.com,Male,179.249.114.52,07/06/2018,
50,Theadora,Powley,tpowley1d@plala.or.jp,Female,155.200.161.202,05/18/2018,
51,Kerry,Kinnett,kkinnett1e@privacy.gov.au,Male,197.4.168.161,11/14/2018,
52,Archaimbaud,Ingold,aingold1f@soup.io,Male,239.220.7.196,09/02/2018,
53,Ilyssa,Trenouth,itrenouth1g@wordpress.org,Female,41.191.15.216,10/23/2018,
54,Tadeo,Lyste,tlyste1h@foxnews.com,Male,233.29.138.54,11/28/2018,
55,Tamarra,Whisker,twhisker1i@myspace.com,Female,60.45.6.144,07/13/2018,
56,Iggie,Fearney,ifearney1j@un.org,Male,128.101.33.22,08/16/2018,
57,Ceil,Sambles,csambles1k@sun.com,Female,252.18.87.165,07/24/2018,
58,Olenolin,Coils,ocoils1l@ovh.net,Male,19.181.20.254,10/19/2018,
59,Ann-marie,Mithan,amithan1m@weibo.com,Female,95.200.8.224,05/23/2018,
60,Reg,Cock,rcock1n@myspace.com,Male,69.117.121.130,12/24/2018,
61,Kalie,Blurton,kblurton1o@shinystat.com,Female,72.69.188.61,01/23/2018,
62,Glyn,Wabe,gwabe1p@liveinternet.ru,Female,7.201.45.58,05/20/2018,
63,Brooks,Voase,bvoase1q@ftc.gov,Male,173.251.89.168,03/18/2018,
64,Joella,Scottrell,jscottrell1r@cbsnews.com,Female,198.56.14.50,05/09/2018,
65,Phillipp,Ehlerding,pehlerding1s@discuz.net,Male,10.155.197.29,11/22/2018,
66,Anette,Rabidge,arabidge1t@ow.ly,Female,130.204.97.85,09/30/2018,
67,Kendell,Tofano,ktofano1u@topsy.com,Male,90.0.217.20,03/18/2018,
68,Westley,Samwayes,wsamwayes1v@marketwatch.com,Male,52.172.160.101,06/05/2018,
69,Shanan,Riddell,sriddell1w@woothemes.com,Male,138.69.166.7,08/03/2018,
70,Blondelle,Hawler,bhawler1x@amazonaws.com,Female,230.69.226.189,01/17/2018,
71,Reine,Cianni,rcianni1y@mit.edu,Female,217.253.9.116,09/27/2018,
72,Lazar,Whinney,lwhinney1z@blogs.com,Male,36.54.170.148,07/18/2018,
73,Selena,Kytter,skytter20@yale.edu,Female,170.72.226.136,05/23/2018,
74,Ambrose,Reckus,areckus21@msn.com,Male,99.215.71.194,03/25/2018,
75,Idaline,Hinze,ihinze22@unc.edu,Female,192.92.206.29,05/27/2018,
76,Krishna,Castano,kcastano23@europa.eu,Male,4.59.158.44,02/07/2018,
77,Kriste,Moehle,kmoehle24@woothemes.com,Female,31.35.57.35,03/26/2018,
78,Joana,Penvarden,jpenvarden25@ifeng.com,Female,71.189.244.204,11/13/2018,
79,Goober,Greated,ggreated26@google.com.br,Male,202.82.2.118,04/24/2018,
80,Quentin,Snook,qsnook27@google.com.hk,Male,185.36.104.157,02/24/2018,
81,Stanleigh,Hargess,shargess28@dmoz.org,Male,56.94.189.26,02/24/2018,
82,Yetty,Westwell,ywestwell29@pinterest.com,Female,5.184.141.203,07/07/2018,
83,Olivia,Holworth,oholworth2a@cornell.edu,Female,16.130.101.28,10/25/2018,
84,Welby,Springthorp,wspringthorp2b@whitehouse.gov,Male,140.91.233.72,06/18/2018,
85,Danny,Glas,dglas2c@dailymail.co.uk,Female,226.40.158.42,11/23/2018,
86,Jacob,Bettenay,jbettenay2d@yandex.ru,Male,8.55.36.56,07/21/2018,
87,Graeme,Dallywater,gdallywater2e@mashable.com,Male,234.89.177.51,09/05/2018,
88,Nevsa,Clendening,nclendening2f@yahoo.co.jp,Female,97.138.7.225,09/28/2018,
89,Caren,De Cruce,cdecruce2g@cornell.edu,Female,170.147.28.21,09/27/2018,
90,Rodd,Migheli,rmigheli2h@hud.gov,Male,242.102.122.195,01/15/2019,
91,Jackson,Greenhowe,jgreenhowe2i@si.edu,Male,33.2.10.5,11/05/2018,
92,Eddy,Cobbledick,ecobbledick2j@canalblog.com,Male,44.33.131.97,08/19/2018,
93,Danella,Wathan,dwathan2k@sun.com,Female,42.21.131.0,04/22/2018,
94,Tedie,Elsdon,telsdon2l@geocities.com,Male,114.160.10.57,02/10/2018,
95,Eddie,Crossgrove,ecrossgrove2m@issuu.com,Male,117.125.110.97,10/13/2018,
96,Tamar,Glaisner,tglaisner2n@disqus.com,Female,29.238.7.99,09/08/2018,
97,Wesley,Frantzen,wfrantzen2o@indiegogo.com,Male,195.226.197.38,07/26/2018,
98,Jeanelle,Knapper,jknapper2p@squarespace.com,Female,253.106.211.237,06/14/2018,
99,Carver,Annes,cannes2q@prnewswire.com,Male,156.185.51.227,01/27/2018,
100,Akim,Jerzykiewicz,ajerzykiewicz2r@reddit.com,Male,54.0.209.199,05/12/2018,
101,Maryrose,Bendixen,mbendixen2s@patch.com,Female,228.219.43.238,03/12/2018,
102,Danielle,Jansie,djansie2t@tinypic.com,Female,120.28.26.54,12/14/2018,
103,Wally,Leggis,wleggis2u@free.fr,Male,143.52.129.28,01/12/2019,
104,Kessia,Jiggle,kjiggle2v@cpanel.net,Female,7.72.55.169,03/15/2018,
105,Linc,Gilham,lgilham2w@bluehost.com,Male,38.183.218.49,07/16/2018,
106,Ryun,Normanvell,rnormanvell2x@miibeian.gov.cn,Male,58.59.158.19,02/19/2018,
107,Rog,Shulem,rshulem2y@booking.com,Male,178.198.12.145,12/29/2018,
108,Marie,Albin,malbin2z@fastcompany.com,Female,41.244.4.164,11/24/2018,
109,Ferrell,Sarle,fsarle30@biblegateway.com,Male,52.146.26.34,03/02/2018,
110,Skylar,Tieman,stieman31@imageshack.us,Male,228.115.155.65,11/16/2018,
111,Constantina,Redwall,credwall32@ted.com,Female,123.25.33.128,09/25/2018,
112,Torrance,Stevings,tstevings33@harvard.edu,Male,28.202.71.61,02/14/2018,
113,Rois,Manifould,rmanifould34@barnesandnoble.com,Female,128.190.6.152,01/14/2019,
114,Irwinn,Ughi,iughi35@addthis.com,Male,8.72.84.233,10/08/2018,
115,Kele,Duff,kduff36@imgur.com,Male,198.118.214.50,08/17/2018,
116,Alex,Grinvalds,agrinvalds37@jugem.jp,Male,210.11.88.11,07/16/2018,
117,Callean,Godding,cgodding38@behance.net,Male,229.162.232.13,11/21/2018,
118,Irena,Karpov,ikarpov39@dmoz.org,Female,209.118.219.163,10/03/2018,
119,Franzen,Muncey,fmuncey3a@google.nl,Male,156.74.130.106,06/04/2018,
120,Garner,MacCorkell,gmaccorkell3b@barnesandnoble.com,Male,241.205.24.56,06/09/2018,
121,Bentlee,Rabbet,brabbet3c@example.com,Male,37.95.166.112,06/06/2018,
122,Baxie,Arnaudin,barnaudin3d@microsoft.com,Male,58.235.153.212,09/08/2018,
123,Mei,Campione,mcampione3e@wix.com,Female,133.13.130.157,10/31/2018,
124,Fleurette,Crangle,fcrangle3f@theglobeandmail.com,Female,136.201.225.200,05/10/2018,
125,Kevyn,Krop,kkrop3g@weebly.com,Female,186.126.188.119,04/03/2018,
126,Wenda,Kupker,wkupker3h@google.fr,Female,166.221.236.77,12/18/2018,
127,Jorie,Hames,jhames3i@so-net.ne.jp,Female,212.213.116.100,04/12/2018,
128,Nestor,Mathes,nmathes3j@usa.gov,Male,131.186.47.91,04/06/2018,
129,Melody,Mitskevich,mmitskevich3k@engadget.com,Female,12.46.253.170,03/29/2018,
130,Eyde,Hardage,ehardage3l@imdb.com,Female,173.98.27.221,01/10/2019,
131,Brnaba,Aubery,baubery3m@list-manage.com,Male,93.0.235.123,08/01/2018,
132,Lemuel,Wadman,lwadman3n@hud.gov,Male,31.58.179.208,04/13/2018,
133,Geoffrey,Mountlow,gmountlow3o@guardian.co.uk,Male,90.143.29.172,11/15/2018,
134,Jilleen,Smalridge,jsmalridge3p@vk.com,Female,197.108.116.151,02/23/2018,
135,Bogey,Keogh,bkeogh3q@yelp.com,Male,230.216.193.196,07/09/2018,
136,Nissa,Lawry,nlawry3r@1und1.de,Female,131.212.209.160,01/31/2018,
137,Indira,Astling,iastling3s@wordpress.org,Female,100.187.27.77,12/18/2018,
138,Loralee,Brotheridge,lbrotheridge3t@youtu.be,Female,12.21.129.152,03/21/2018,
139,Dar,Haggarth,dhaggarth3u@1688.com,Male,5.38.46.57,08/08/2018,
140,Robers,Naile,rnaile3v@ow.ly,Male,168.111.135.187,11/11/2018,
141,Kev,Roof,kroof3w@youku.com,Male,151.130.84.100,02/11/2018,
142,Dennet,Kasbye,dkasbye3x@1und1.de,Male,149.42.242.247,09/05/2018,
143,Ansel,Harryman,aharryman3y@nasa.gov,Male,49.106.46.170,04/01/2018,
144,Gus,Kingett,gkingett3z@comcast.net,Male,77.70.166.214,03/19/2018,
145,Benito,Cooling,bcooling40@cmu.edu,Male,252.151.6.72,07/28/2018,
146,Gilles,Eisikovitsh,geisikovitsh41@kickstarter.com,Male,246.104.184.214,03/14/2018,
147,Rene,Archard,rarchard42@elegantthemes.com,Male,114.201.192.225,10/26/2018,
148,Sophronia,Illingworth,sillingworth43@sbwire.com,Female,226.71.118.220,09/03/2018,
149,Redford,Swarbrigg,rswarbrigg44@utexas.edu,Male,38.96.132.86,12/29/2018,
150,Kip,Ovesen,kovesen45@drupal.org,Male,130.253.247.218,04/28/2018,
151,Aldon,Jennrich,ajennrich46@so-net.ne.jp,Male,63.150.33.198,06/01/2018,
152,Sabrina,Cannop,scannop47@hubpages.com,Female,131.115.224.213,11/06/2018,
153,Olag,Stronge,ostronge48@forbes.com,Male,109.173.149.83,09/12/2018,
154,Marysa,Muggleton,mmuggleton49@joomla.org,Female,191.58.161.47,07/12/2018,
155,Bern,Bracknell,bbracknell4a@youtube.com,Male,103.46.184.216,05/24/2018,
156,Ned,Romanetti,nromanetti4b@artisteer.com,Male,220.197.153.74,05/21/2018,
157,Shurwood,Bewfield,sbewfield4c@huffingtonpost.com,Male,121.254.45.85,08/21/2018,
158,Lorenza,Leonardi,lleonardi4d@nytimes.com,Female,122.75.240.141,12/03/2018,
159,Sal,Duffan,sduffan4e@house.gov,Female,100.76.61.199,08/04/2018,
160,Zed,Wolfendale,zwolfendale4f@tamu.edu,Male,14.70.212.143,12/28/2018,
161,Walker,Reims,wreims4g@opera.com,Male,49.2.131.14,09/24/2018,
162,Lion,Shirlaw,lshirlaw4h@epa.gov,Male,157.196.231.168,05/21/2018,
163,Barclay,Mushet,bmushet4i@answers.com,Male,74.62.114.143,02/02/2018,
164,Wendell,Pineaux,wpineaux4j@fotki.com,Male,65.40.255.57,02/10/2018,
165,Horace,Scain,hscain4k@wikispaces.com,Male,161.213.210.125,08/20/2018,
166,Carson,Chalfont,cchalfont4l@bing.com,Male,108.175.165.73,04/28/2018,
167,Catriona,Crichmer,ccrichmer4m@google.cn,Female,175.14.37.183,06/09/2018,
168,Daphne,Duckels,dduckels4n@wp.com,Female,201.44.85.5,07/30/2018,
169,Caryl,Croneen,ccroneen4o@sakura.ne.jp,Female,222.152.132.8,10/14/2018,
170,Inigo,Fermoy,ifermoy4p@yandex.ru,Male,1.68.162.99,05/10/2018,
171,Andrei,Bariball,abariball4q@ed.gov,Female,84.112.26.239,08/13/2018,
172,Gare,Kimbrough,gkimbrough4r@goo.gl,Male,82.242.90.217,07/26/2018,
173,Franky,Wykes,fwykes4s@wikispaces.com,Female,81.104.171.7,06/12/2018,
174,Verena,Balser,vbalser4t@independent.co.uk,Female,141.236.50.79,12/05/2018,
175,Donny,Hambrick,dhambrick4u@barnesandnoble.com,Female,139.23.210.154,04/08/2018,
176,Conny,Featley,cfeatley4v@lulu.com,Male,241.24.7.62,03/18/2018,
177,Kermy,Tocque,ktocque4w@yellowbook.com,Male,227.74.190.7,03/22/2018,
178,Jorge,Pickavance,jpickavance4x@naver.com,Male,251.110.19.2,02/28/2018,
179,Cassaundra,Trosdall,ctrosdall4y@rediff.com,Female,32.37.131.245,03/12/2018,
180,Emlyn,Glandfield,eglandfield4z@senate.gov,Male,227.76.6.85,04/27/2018,
181,Lauren,McCrackem,lmccrackem50@independent.co.uk,Male,4.97.84.91,07/03/2018,
182,Bette,Sargint,bsargint51@nyu.edu,Female,185.6.110.20,06/18/2018,
183,Natalee,Crannach,ncrannach52@gmpg.org,Female,152.188.42.186,10/16/2018,
184,Richart,Gouldthorpe,rgouldthorpe53@xinhuanet.com,Male,49.190.129.13,09/13/2018,
185,Sollie,Filoniere,sfiloniere54@ezinearticles.com,Male,185.44.38.57,09/06/2018,
186,Darren,Weightman,dweightman55@statcounter.com,Male,218.31.110.226,04/22/2018,
187,Quinn,Valente,qvalente56@latimes.com,Male,137.98.189.169,07/16/2018,
188,Daria,Birtwhistle,dbirtwhistle57@wiley.com,Female,156.205.225.250,02/03/2018,
189,Theo,Stuttman,tstuttman58@ca.gov,Female,157.140.219.28,07/17/2018,
190,Kleon,Badrick,kbadrick59@psu.edu,Male,156.156.111.150,04/02/2018,
191,Luke,Lambrecht,llambrecht5a@nature.com,Male,109.54.110.116,11/05/2018,
192,Fanni,Gibbieson,fgibbieson5b@goo.ne.jp,Female,32.94.13.20,10/02/2018,
193,Barr,Louiset,blouiset5c@latimes.com,Male,171.228.160.223,01/29/2018,
194,Donnajean,Laybourn,dlaybourn5d@latimes.com,Female,31.218.55.64,07/13/2018,
195,Ferguson,Stivens,fstivens5e@weibo.com,Male,132.184.201.94,01/29/2018,
196,Melonie,Malthouse,mmalthouse5f@yellowbook.com,Female,224.176.72.123,05/22/2018,
197,Meg,Brunton,mbrunton5g@google.co.uk,Female,63.235.139.200,04/17/2018,
198,Skipper,Howbrook,showbrook5h@google.pl,Male,72.153.0.49,05/25/2018,
199,Oliviero,Forrestall,oforrestall5i@chicagotribune.com,Male,151.41.113.44,07/16/2018,
200,Trefor,Dunster,tdunster5j@csmonitor.com,Male,102.33.245.178,06/18/2018,
201,Florrie,Foyster,ffoyster5k@furl.net,Female,36.108.191.249,11/26/2018,
202,Elise,Guinness,eguinness5l@cdc.gov,Female,192.97.157.21,02/04/2018,
203,Fiann,Yonnie,fyonnie5m@cdc.gov,Female,62.204.78.106,12/21/2018,
204,Chelsie,Ayling,cayling5n@youtube.com,Female,72.51.76.177,04/07/2018,
205,Kenny,Atkyns,katkyns5o@gmpg.org,Male,230.113.223.58,08/10/2018,
206,Findley,Durdle,fdurdle5p@parallels.com,Male,164.242.61.100,01/07/2019,
207,Chan,Ledekker,cledekker5q@xinhuanet.com,Male,158.220.179.170,03/02/2018,
208,Olin,Leyman,oleyman5r@google.com.br,Male,136.117.185.41,06/22/2018,
209,Nathan,Pullar,npullar5s@ebay.co.uk,Male,138.107.86.253,07/02/2018,
210,Jolene,Stanway,jstanway5t@simplemachines.org,Female,107.33.109.230,11/14/2018,
211,Bobbie,Mabey,bmabey5u@nyu.edu,Male,235.22.82.50,02/25/2018,
212,Octavia,Moncur,omoncur5v@topsy.com,Female,20.204.75.109,07/09/2018,
213,Merrill,Djurevic,mdjurevic5w@ibm.com,Male,240.118.115.173,01/18/2018,
214,Sabine,D'Adda,sdadda5x@about.me,Female,77.217.124.45,09/15/2018,
215,Teodora,Ibeson,tibeson5y@macromedia.com,Female,149.209.125.82,05/07/2018,
216,Lorens,Salvin,lsalvin5z@goo.ne.jp,Male,175.140.168.60,12/15/2018,
217,Janeva,Lindgren,jlindgren60@smh.com.au,Female,123.214.178.37,12/13/2018,
218,Thebault,Overton,toverton61@wix.com,Male,228.92.44.135,12/13/2018,
219,Polly,Brient,pbrient62@ovh.net,Female,76.154.164.35,05/19/2018,
220,Pooh,Zannetti,pzannetti63@oakley.com,Male,34.179.47.145,08/06/2018,
221,Candi,Raffin,craffin64@biglobe.ne.jp,Female,71.19.176.12,03/29/2018,
222,Sherry,Azam,sazam65@latimes.com,Female,225.203.249.162,01/22/2018,
223,Jacenta,Somerled,jsomerled66@51.la,Female,171.132.102.142,02/05/2018,
224,Corney,Josilevich,cjosilevich67@google.es,Male,23.142.223.246,11/02/2018,
225,Drona,Rubbert,drubbert68@dyndns.org,Female,8.135.244.76,10/15/2018,
226,Julina,Walburn,jwalburn69@fema.gov,Female,17.9.82.5,02/06/2018,
227,Dallon,Coxhell,dcoxhell6a@yelp.com,Male,130.19.214.133,09/28/2018,
228,Ortensia,Proudlock,oproudlock6b@oracle.com,Female,237.66.196.172,04/30/2018,
229,Netty,Fludder,nfludder6c@t-online.de,Female,7.192.76.144,08/06/2018,
230,Ameline,Feria,aferia6d@fastcompany.com,Female,139.78.117.143,12/07/2018,
231,Tomkin,Harrismith,tharrismith6e@ezinearticles.com,Male,164.4.219.244,12/25/2018,
232,Colas,Garioch,cgarioch6f@is.gd,Male,117.195.173.73,06/27/2018,
233,Goran,Pickersgill,gpickersgill6g@shutterfly.com,Male,208.150.217.247,12/09/2018,
234,Felicio,Steers,fsteers6h@foxnews.com,Male,65.247.114.245,05/20/2018,
235,Craig,Knowlson,cknowlson6i@blogs.com,Male,30.97.32.132,02/09/2018,
236,Deane,Leal,dleal6j@bing.com,Male,199.76.17.114,12/29/2018,
237,Jyoti,Elvins,jelvins6k@archive.org,Female,21.182.244.108,07/27/2018,
238,Nobe,Lettuce,nlettuce6l@goodreads.com,Male,191.20.135.59,08/20/2018,
239,Kathlin,Marcome,kmarcome6m@histats.com,Female,12.82.111.142,02/27/2018,
240,Ninnette,Salatino,nsalatino6n@imageshack.us,Female,159.184.131.232,02/09/2018,
241,Bruno,Chandlar,bchandlar6o@usda.gov,Male,182.11.97.233,05/31/2018,
242,Ignacius,Renfree,irenfree6p@bbb.org,Male,85.192.98.97,08/05/2018,
243,Archie,Barles,abarles6q@mozilla.com,Male,42.93.195.212,01/28/2018,
244,Jenelle,Ochterlony,jochterlony6r@google.it,Female,243.102.114.7,11/25/2018,
245,Nap,Gritland,ngritland6s@miitbeian.gov.cn,Male,5.230.222.14,08/29/2018,
246,Audry,Giottini,agiottini6t@bloglines.com,Female,44.125.107.236,01/03/2019,
247,Therese,Rodmell,trodmell6u@cyberchimps.com,Female,162.208.20.161,10/25/2018,
248,Reba,Clipsham,rclipsham6v@shareasale.com,Female,218.199.109.32,07/30/2018,
249,Felipe,Rubinsohn,frubinsohn6w@blogspot.com,Male,16.25.144.18,01/11/2019,
250,Gawain,McGougan,gmcgougan6x@hc360.com,Male,231.199.106.130,06/15/2018,
251,Joann,Sibille,jsibille6y@yellowbook.com,Female,184.255.195.172,10/22/2018,
252,Kat,McCook,kmccook6z@furl.net,Female,105.23.31.193,04/05/2018,
253,Inness,Labbey,ilabbey70@sfgate.com,Male,253.45.80.162,06/04/2018,
254,Lilla,Noweak,lnoweak71@bandcamp.com,Female,190.171.40.140,01/21/2018,
255,Eloisa,Hawson,ehawson72@netscape.com,Female,61.27.144.174,07/16/2018,
256,Lem,Chapellow,lchapellow73@springer.com,Male,75.253.132.135,01/09/2019,
257,Catlin,Barrabeale,cbarrabeale74@pcworld.com,Female,201.144.38.255,11/20/2018,
258,Leanna,Camps,lcamps75@mtv.com,Female,211.70.43.25,06/28/2018,
259,Zitella,Twelvetree,ztwelvetree76@mac.com,Female,146.132.107.57,09/09/2018,
260,Darn,Cocklin,dcocklin77@reference.com,Male,6.36.51.105,07/16/2018,
261,Trenton,Douty,tdouty78@senate.gov,Male,224.61.37.236,09/29/2018,
262,Celesta,Skupinski,cskupinski79@opensource.org,Female,149.184.248.45,06/24/2018,
263,Nanine,Allsepp,nallsepp7a@histats.com,Female,209.147.0.11,05/25/2018,
264,Blake,Keady,bkeady7b@plala.or.jp,Male,128.39.167.111,03/18/2018,
265,Annabell,Mayman,amayman7c@typepad.com,Female,172.115.157.129,02/21/2018,
266,Evangeline,Coan,ecoan7d@google.nl,Female,2.27.154.202,07/15/2018,
267,Devinne,Halstead,dhalstead7e@tripod.com,Female,191.80.133.253,04/23/2018,
268,Johnathan,Bute,jbute7f@nymag.com,Male,140.227.125.110,08/08/2018,
269,Jaquenette,Gidney,jgidney7g@jugem.jp,Female,255.46.138.237,01/13/2019,
270,Meridith,Medeway,mmedeway7h@sourceforge.net,Female,230.188.122.1,07/12/2018,
271,Bard,Wasbey,bwasbey7i@shinystat.com,Male,248.102.93.235,02/17/2018,
272,Lionel,Bissett,lbissett7j@nasa.gov,Male,207.18.157.52,03/05/2018,
273,Finn,Nelle,fnelle7k@facebook.com,Male,102.38.73.44,08/02/2018,
274,Winnie,Eckert,weckert7l@youku.com,Female,215.92.177.130,05/25/2018,
275,Becka,Akess,bakess7m@weebly.com,Female,152.12.186.26,12/04/2018,
276,Nissie,Sturgeon,nsturgeon7n@theatlantic.com,Female,20.112.254.203,10/04/2018,
277,Dylan,Huelin,dhuelin7o@umich.edu,Male,106.194.106.235,07/11/2018,
278,Towney,Fritzer,tfritzer7p@youtube.com,Male,29.75.203.128,01/23/2018,
279,Maegan,Storch,mstorch7q@mayoclinic.com,Female,84.22.117.125,07/16/2018,
280,Putnam,Shilleto,pshilleto7r@prlog.org,Male,16.88.187.150,09/19/2018,
281,Alley,Edelheit,aedelheit7s@chicagotribune.com,Male,253.48.6.156,05/14/2018,
282,Otis,Humm,ohumm7t@godaddy.com,Male,103.150.78.60,05/21/2018,
283,Cynthia,Mulrean,cmulrean7u@imdb.com,Female,124.26.162.167,01/18/2018,
284,Edouard,Edgeon,eedgeon7v@zdnet.com,Male,177.82.157.49,04/27/2018,
285,Ardyth,Chaize,achaize7w@mapy.cz,Female,141.177.253.18,03/16/2018,
286,Haley,Chazelle,hchazelle7x@feedburner.com,Male,207.103.198.198,09/07/2018,
287,North,Maud,nmaud7y@yelp.com,Male,60.218.37.87,02/11/2018,
288,Loydie,Suatt,lsuatt7z@dailymotion.com,Male,142.76.37.230,09/28/2018,
289,Sim,Kennermann,skennermann80@columbia.edu,Male,152.201.82.131,09/02/2018,
290,Brigitte,Sissot,bsissot81@slideshare.net,Female,234.229.49.6,11/21/2018,
291,Aluin,Adamec,aadamec82@deviantart.com,Male,162.172.253.245,04/20/2018,
292,Tarrance,Villalta,tvillalta83@youtube.com,Male,13.104.87.69,01/20/2018,
293,Aharon,Feldhammer,afeldhammer84@vk.com,Male,28.179.121.38,05/20/2018,
294,Fidela,Rawlison,frawlison85@miitbeian.gov.cn,Female,189.134.111.82,03/07/2018,
295,Hale,Giorgioni,hgiorgioni86@cafepress.com,Male,248.102.249.5,01/24/2018,
296,Vinny,Sillis,vsillis87@phoca.cz,Female,211.54.164.20,12/22/2018,
297,Annnora,Hakonsson,ahakonsson88@artisteer.com,Female,214.253.18.31,01/05/2019,
298,Else,Grossier,egrossier89@census.gov,Female,81.196.240.108,05/27/2018,
299,Artemus,Rought,arought8a@java.com,Male,222.91.80.84,04/22/2018,
300,Baron,Benazet,bbenazet8b@amazon.de,Male,172.129.92.18,05/19/2018,
301,Liane,Oliphant,loliphant8c@google.com.hk,Female,69.181.11.106,02/05/2018,
302,Jewel,Freen,jfreen8d@harvard.edu,Female,86.96.207.27,10/01/2018,
303,Britt,Kinkade,bkinkade8e@google.nl,Female,248.194.125.205,06/03/2018,
304,Gibbie,Stevens,gstevens8f@theguardian.com,Male,132.122.45.117,08/27/2018,
305,Miguel,Hemerijk,mhemerijk8g@hao123.com,Male,28.19.13.142,09/26/2018,
306,Tiebold,Lerer,tlerer8h@hubpages.com,Male,147.175.94.250,07/05/2018,
307,Barnard,Gallyhaock,bgallyhaock8i@mediafire.com,Male,178.181.143.12,10/14/2018,
308,Arron,Cogar,acogar8j@howstuffworks.com,Male,24.213.5.248,08/24/2018,
309,Mehetabel,Veitch,mveitch8k@imdb.com,Female,73.22.224.148,09/01/2018,
310,Davina,Lorenzo,dlorenzo8l@shop-pro.jp,Female,178.194.83.254,10/27/2018,
311,Pearl,Salle,psalle8m@boston.com,Female,219.161.163.23,04/25/2018,
312,Agnesse,Stennings,astennings8n@auda.org.au,Female,32.105.44.144,09/07/2018,
313,Timoteo,Yitshak,tyitshak8o@about.me,Male,123.84.185.52,08/29/2018,
314,Kyle,Evins,kevins8p@360.cn,Female,173.193.228.98,04/07/2018,
315,Maury,Ortiger,mortiger8q@goodreads.com,Male,129.153.177.143,02/14/2018,
316,Brenn,Aronovitz,baronovitz8r@stanford.edu,Female,116.171.199.223,09/26/2018,
317,Doyle,Leinster,dleinster8s@businessinsider.com,Male,203.23.15.3,06/11/2018,
318,Estevan,Mostyn,emostyn8t@histats.com,Male,231.131.32.139,04/05/2018,
319,Melania,Jopson,mjopson8u@rediff.com,Female,103.76.31.170,08/02/2018,
320,Ameline,Cawdron,acawdron8v@vistaprint.com,Female,120.118.151.12,10/24/2018,
321,Johnny,Bergin,jbergin8w@huffingtonpost.com,Male,155.146.248.8,11/04/2018,
322,Agata,Dayment,adayment8x@businessinsider.com,Female,63.13.206.9,02/15/2018,
323,Ernest,Ortes,eortes8y@angelfire.com,Male,164.15.219.199,04/13/2018,
324,Way,Dalman,wdalman8z@cmu.edu,Male,159.138.248.251,02/11/2018,
325,Birch,Gladeche,bgladeche90@amazon.de,Male,11.247.75.31,03/05/2018,
326,Starr,Baraclough,sbaraclough91@salon.com,Female,181.141.132.122,08/08/2018,
327,Lynnet,Hadden,lhadden92@live.com,Female,232.199.79.228,03/01/2018,
328,Milzie,Nary,mnary93@google.de,Female,237.159.182.13,08/26/2018,
329,Der,Swalteridge,dswalteridge94@epa.gov,Male,183.130.39.117,08/07/2018,
330,Susanne,Noli,snoli95@g.co,Female,176.6.5.21,08/06/2018,
331,Roberto,McArte,rmcarte96@dot.gov,Male,21.225.166.65,08/30/2018,
332,Mirabella,Van Waadenburg,mvanwaadenburg97@wp.com,Female,50.62.67.24,02/28/2018,
333,Simone,Blueman,sblueman98@mozilla.org,Female,141.24.61.89,07/12/2018,
334,Danie,Barttrum,dbarttrum99@psu.edu,Male,113.238.202.228,02/17/2018,
335,Lillis,Redihalgh,lredihalgh9a@aol.com,Female,222.233.129.164,06/13/2018,
336,Kim,Patriskson,kpatriskson9b@wikispaces.com,Female,16.165.99.43,04/24/2018,
337,Tymothy,Filshin,tfilshin9c@umich.edu,Male,76.128.207.247,03/16/2018,
338,Fred,Bisiker,fbisiker9d@google.de,Male,192.99.82.42,10/15/2018,
339,Myrtle,Arkle,markle9e@blog.com,Female,30.206.30.0,08/07/2018,
340,Natassia,Dignum,ndignum9f@mysql.com,Female,27.117.15.113,10/30/2018,
341,Tait,Gutherson,tgutherson9g@google.it,Male,255.142.238.123,07/11/2018,
342,Rosaleen,Dewire,rdewire9h@barnesandnoble.com,Female,141.130.104.108,11/18/2018,
343,Heddi,Paszek,hpaszek9i@mozilla.com,Female,117.14.121.64,05/01/2018,
344,Kiley,Spurr,kspurr9j@devhub.com,Female,192.248.160.130,10/12/2018,
345,Sax,Emeney,semeney9k@simplemachines.org,Male,161.46.127.177,04/16/2018,
346,Gaynor,Atthow,gatthow9l@imdb.com,Female,221.94.101.161,12/24/2018,
347,Olvan,Ingleton,oingleton9m@miitbeian.gov.cn,Male,238.251.247.11,04/18/2018,
348,Kellen,Buzza,kbuzza9n@flavors.me,Male,155.250.158.70,07/12/2018,
349,Edmon,Vokes,evokes9o@hexun.com,Male,239.244.219.229,03/07/2018,
350,Aundrea,Elan,aelan9p@delicious.com,Female,154.158.33.31,05/13/2018,
351,Sharlene,Sowthcote,ssowthcote9q@com.com,Female,228.21.151.56,07/31/2018,
352,Forrest,Kunz,fkunz9r@goo.ne.jp,Male,26.153.64.33,06/22/2018,
353,Malcolm,Errey,merrey9s@slate.com,Male,189.82.177.68,05/22/2018,
354,Vita,Jeandeau,vjeandeau9t@vinaora.com,Female,166.76.50.158,01/31/2018,
355,Sanders,Giraudo,sgiraudo9u@aboutads.info,Male,42.75.177.126,09/26/2018,
356,Lark,Di Roberto,ldiroberto9v@list-manage.com,Female,85.35.224.236,12/24/2018,
357,Milt,Kasher,mkasher9w@de.vu,Male,243.176.134.102,12/21/2018,
358,Davidson,Rosone,drosone9x@nhs.uk,Male,232.67.201.186,01/18/2018,
359,Melisa,Vaggers,mvaggers9y@rediff.com,Female,49.139.152.176,12/15/2018,
360,Louis,Filan,lfilan9z@exblog.jp,Male,84.41.0.239,10/20/2018,
361,Rikki,Walles,rwallesa0@istockphoto.com,Female,95.203.216.76,02/08/2018,
362,Barthel,Golsworthy,bgolsworthya1@vimeo.com,Male,138.188.45.186,10/28/2018,
363,Dario,Eastbury,deastburya2@rambler.ru,Male,186.216.144.120,02/20/2018,
364,Jenny,Gymblett,jgymbletta3@bloglines.com,Female,155.122.253.153,01/26/2018,
365,Talbert,Farrington,tfarringtona4@squidoo.com,Male,117.53.22.198,10/25/2018,
366,Fonzie,Pellamonuten,fpellamonutena5@dailymail.co.uk,Male,170.128.96.147,07/12/2018,
367,Freddie,Ruzek,fruzeka6@youtu.be,Female,2.165.17.65,04/09/2018,
368,Jaime,Robe,jrobea7@nytimes.com,Male,66.42.11.14,10/22/2018,
369,Giacopo,Domengue,gdomenguea8@sphinn.com,Male,70.118.225.154,10/05/2018,
370,Reiko,Pyne,rpynea9@google.com,Female,249.146.136.213,11/02/2018,
371,Rochella,Sewter,rsewteraa@zdnet.com,Female,101.168.83.203,07/08/2018,
372,Amandi,Gladyer,agladyerab@twitpic.com,Female,96.94.159.57,05/09/2018,
373,Gabriel,Lingwood,glingwoodac@eventbrite.com,Male,45.68.156.20,07/08/2018,
374,Floris,Bianco,fbiancoad@google.fr,Female,160.78.239.238,01/26/2018,
375,Andrej,Kramer,akramerae@php.net,Male,16.250.111.111,04/29/2018,
376,Palmer,Erickson,pericksonaf@webeden.co.uk,Male,144.226.184.249,05/28/2018,
377,Tadd,Tabert,ttabertag@constantcontact.com,Male,107.47.180.148,09/01/2018,
378,Haleigh,De Bruyne,hdebruyneah@businesswire.com,Male,91.167.0.76,09/26/2018,
379,Zacharias,Tackell,ztackellai@google.com,Male,82.182.76.146,11/23/2018,
380,Luise,Timeby,ltimebyaj@xrea.com,Female,38.170.214.99,09/27/2018,
381,Gretchen,Kellog,gkellogak@biblegateway.com,Female,207.5.143.229,10/30/2018,
382,Gorden,Lampkin,glampkinal@deliciousdays.com,Male,159.23.119.253,01/26/2018,
383,Uriel,Iczokvitz,uiczokvitzam@nbcnews.com,Male,68.99.3.220,03/28/2018,
384,Liza,Ellson,lellsonan@tamu.edu,Female,50.49.173.117,04/02/2018,
385,Kylen,Maxted,kmaxtedao@microsoft.com,Female,108.137.7.195,11/06/2018,
386,Tabbi,Schole,tscholeap@blogs.com,Female,235.214.106.147,04/07/2018,
387,Rae,Grombridge,rgrombridgeaq@umich.edu,Female,25.39.169.169,11/01/2018,
388,Gwyneth,Trustie,gtrustiear@hibu.com,Female,109.15.76.21,04/22/2018,
389,Lin,Felgat,lfelgatas@netlog.com,Female,31.214.134.103,08/29/2018,
390,Marcy,Narramor,mnarramorat@e-recht24.de,Female,145.82.220.0,07/03/2018,
391,Cort,Synnott,csynnottau@reddit.com,Male,179.209.24.123,06/04/2018,
392,Kalindi,Corrison,kcorrisonav@flickr.com,Female,40.65.246.82,10/26/2018,
393,Marmaduke,Soitoux,msoitouxaw@elegantthemes.com,Male,107.101.173.178,07/04/2018,
394,Claiborn,Bromley,cbromleyax@1688.com,Male,137.92.18.86,11/19/2018,
395,Harris,Bushen,hbushenay@epa.gov,Male,95.196.1.46,10/10/2018,
396,Wenonah,Prestney,wprestneyaz@ow.ly,Female,20.172.106.5,07/05/2018,
397,Carlita,Surman-Wells,csurmanwellsb0@hp.com,Female,96.213.33.163,08/15/2018,
398,Becka,Cradey,bcradeyb1@trellian.com,Female,199.93.25.252,06/19/2018,
399,Gasper,Ropkins,gropkinsb2@vimeo.com,Male,243.232.241.149,06/12/2018,
400,Artie,Aubray,aaubrayb3@go.com,Male,112.132.240.134,10/09/2018,
401,Patrice,Martinolli,pmartinollib4@taobao.com,Male,222.11.185.219,07/17/2018,
402,Myrle,Chalfain,mchalfainb5@wikispaces.com,Female,238.161.102.114,10/08/2018,
403,Blayne,Hasslocher,bhasslocherb6@stanford.edu,Male,95.245.94.214,12/06/2018,
404,Brendon,Newland,bnewlandb7@mapy.cz,Male,250.215.83.180,07/19/2018,
405,Rey,Hosburn,rhosburnb8@miitbeian.gov.cn,Male,22.19.28.154,06/29/2018,
406,Helenka,Beer,hbeerb9@issuu.com,Female,81.249.246.66,01/14/2019,
407,Maddy,Sillwood,msillwoodba@loc.gov,Female,86.150.66.52,10/09/2018,
408,Rosy,McDuall,rmcduallbb@photobucket.com,Female,30.142.72.253,05/09/2018,
409,Cash,Loughren,cloughrenbc@tuttocitta.it,Male,117.219.165.106,10/12/2018,
410,Maybelle,Keele,mkeelebd@miitbeian.gov.cn,Female,84.121.6.11,07/06/2018,
411,Lion,Ambroz,lambrozbe@gov.uk,Male,56.138.60.186,06/27/2018,
412,Phyllys,Robeiro,probeirobf@accuweather.com,Female,104.179.42.186,02/28/2018,
413,Riobard,Cuckoo,rcuckoobg@xrea.com,Male,221.219.26.181,09/05/2018,
414,Clyve,Warsap,cwarsapbh@google.it,Male,48.49.61.182,12/20/2018,
415,Flossie,Hawkes,fhawkesbi@shinystat.com,Female,169.42.94.230,09/24/2018,
416,Theresina,Morfell,tmorfellbj@ucoz.com,Female,25.141.23.137,04/04/2018,
417,Natka,Chinery,nchinerybk@timesonline.co.uk,Female,222.27.7.123,08/10/2018,
418,Ody,Hain,ohainbl@apache.org,Male,148.60.156.139,09/17/2018,
419,Obediah,Rosenhaus,orosenhausbm@disqus.com,Male,114.239.11.95,10/26/2018,
420,Justino,Deal,jdealbn@who.int,Male,137.44.59.242,02/23/2018,
421,Briney,Vaissiere,bvaissierebo@xinhuanet.com,Female,27.185.175.209,08/06/2018,
422,Mal,Cornehl,mcornehlbp@flickr.com,Male,254.14.198.237,08/28/2018,
423,Jaymie,Sumbler,jsumblerbq@nba.com,Male,135.43.10.45,07/24/2018,
424,Leonelle,De Filippo,ldefilippobr@weebly.com,Female,195.110.62.190,02/06/2018,
425,Felicia,Dusting,fdustingbs@dyndns.org,Female,100.197.141.15,05/16/2018,
426,Lilas,Paolo,lpaolobt@arizona.edu,Female,4.133.127.195,09/09/2018,
427,Prescott,Wylie,pwyliebu@theglobeandmail.com,Male,252.178.26.99,03/20/2018,
428,Ron,Glowacki,rglowackibv@furl.net,Male,6.83.122.206,03/13/2018,
429,Vick,Chesnay,vchesnaybw@marketwatch.com,Male,2.10.209.80,05/25/2018,
430,Melita,Ainley,mainleybx@psu.edu,Female,194.173.141.72,11/03/2018,
431,Maurizio,Brentnall,mbrentnallby@live.com,Male,141.223.69.71,07/12/2018,
432,Hillery,Constantine,hconstantinebz@hugedomains.com,Male,111.110.85.203,03/21/2018,
433,Johannes,Digby,jdigbyc0@usatoday.com,Male,173.108.147.64,08/25/2018,
434,Kaylil,Clabburn,kclabburnc1@boston.com,Female,86.85.231.196,01/03/2019,
435,Floyd,Clarey,fclareyc2@wired.com,Male,61.228.162.155,06/22/2018,
436,Marketa,Folli,mfollic3@networkadvertising.org,Female,21.132.189.107,04/05/2018,
437,Pris,Simonitto,psimonittoc4@edublogs.org,Female,42.127.82.247,02/23/2018,
438,Philippa,McDuff,pmcduffc5@networksolutions.com,Female,96.30.247.117,11/14/2018,
439,Rafael,Yatman,ryatmanc6@xinhuanet.com,Male,193.217.139.72,09/25/2018,
440,Alwyn,Hallmark,ahallmarkc7@ustream.tv,Male,118.168.216.234,10/23/2018,
441,Willy,Allnutt,wallnuttc8@symantec.com,Female,25.6.184.198,09/03/2018,
442,Tildy,Suthren,tsuthrenc9@a8.net,Female,122.250.107.19,09/06/2018,
443,Samaria,McLardie,smclardieca@squarespace.com,Female,120.32.37.59,03/02/2018,
444,Alyssa,Seabon,aseaboncb@dell.com,Female,151.166.83.195,01/03/2019,
445,Irv,Lindemann,ilindemanncc@chronoengine.com,Male,25.125.158.188,08/08/2018,
446,Glad,Dunmuir,gdunmuircd@wiley.com,Female,3.178.198.175,11/04/2018,
447,Orbadiah,Darbishire,odarbishirece@home.pl,Male,147.93.202.128,07/31/2018,
448,Basilio,Sewards,bsewardscf@hao123.com,Male,143.68.70.65,05/04/2018,
449,Erik,Marklew,emarklewcg@delicious.com,Male,194.50.186.69,02/20/2018,
450,Delbert,Peiser,dpeiserch@wordpress.org,Male,165.229.203.251,02/07/2018,
451,Caren,O'Sullivan,cosullivanci@google.com.br,Female,205.210.255.196,10/13/2018,
452,Joe,Bisacre,jbisacrecj@desdev.cn,Male,3.185.4.88,12/12/2018,
453,Kate,Bolley,kbolleyck@umn.edu,Female,143.149.166.116,10/21/2018,
454,Matilde,Talbot,mtalbotcl@about.com,Female,100.6.191.239,08/30/2018,
455,Juliane,Crocken,jcrockencm@booking.com,Female,91.129.243.17,09/19/2018,
456,Ki,Leeds,kleedscn@aol.com,Female,39.78.250.25,06/19/2018,
457,Peyton,Porcher,pporcherco@chron.com,Male,55.111.190.181,08/06/2018,
458,Thoma,Bracegirdle,tbracegirdlecp@chronoengine.com,Male,94.35.146.115,08/08/2018,
459,Oates,Esposita,oespositacq@plala.or.jp,Male,224.92.33.173,01/28/2018,
460,Sella,Skoggins,sskogginscr@bloglines.com,Female,27.7.147.60,11/29/2018,
461,Justin,Fibbings,jfibbingscs@nyu.edu,Male,138.153.55.188,05/27/2018,
462,Basia,Wadworth,bwadworthct@weather.com,Female,166.0.179.22,04/19/2018,
463,Cassondra,Tayspell,ctayspellcu@51.la,Female,252.188.213.217,06/27/2018,
464,Brady,Edowes,bedowescv@cyberchimps.com,Male,221.159.177.15,09/27/2018,
465,Rosalind,Knowling,rknowlingcw@cdc.gov,Female,76.231.60.196,10/19/2018,
466,Carey,Dearnaly,cdearnalycx@rediff.com,Male,115.143.119.234,04/22/2018,
467,Kienan,Jobe,kjobecy@ocn.ne.jp,Male,62.72.104.67,01/06/2019,
468,Dennet,Allsep,dallsepcz@bing.com,Male,75.114.69.73,10/26/2018,
469,Arluene,Wilstead,awilsteadd0@mysql.com,Female,62.196.106.198,01/19/2018,
470,Thaddeus,Hazley,thazleyd1@paginegialle.it,Male,109.84.57.143,10/04/2018,
471,Basil,Illiston,billistond2@newsvine.com,Male,27.135.214.133,02/19/2018,
472,Vikki,Dilgarno,vdilgarnod3@people.com.cn,Female,238.75.167.144,04/18/2018,
473,Allen,Debney,adebneyd4@rediff.com,Male,0.103.232.103,07/21/2018,
474,Maitilde,Ketteman,mkettemand5@angelfire.com,Female,92.179.70.189,04/29/2018,
475,Mart,Casarino,mcasarinod6@ihg.com,Male,254.125.32.72,02/02/2018,
476,Gillian,Doget,gdogetd7@meetup.com,Female,43.103.142.12,06/27/2018,
477,Gisela,Andrey,gandreyd8@hud.gov,Female,39.94.28.215,10/07/2018,
478,Olivier,Kalewe,okalewed9@arizona.edu,Male,161.162.115.244,04/24/2018,
479,Elenore,Klimczak,eklimczakda@ucla.edu,Female,188.230.183.134,09/02/2018,
480,Jerri,Elvin,jelvindb@ow.ly,Male,92.180.200.54,08/08/2018,
481,Cahra,Couzens,ccouzensdc@sitemeter.com,Female,233.0.14.13,05/28/2018,
482,Salome,Behan,sbehandd@indiatimes.com,Female,43.94.155.141,07/30/2018,
483,Normie,Mecozzi,nmecozzide@dot.gov,Male,172.153.126.101,11/19/2018,
484,Fleurette,Sothern,fsotherndf@omniture.com,Female,181.25.92.157,07/29/2018,
485,Teresa,Cusiter,tcusiterdg@cnbc.com,Female,116.39.58.79,07/13/2018,
486,Bobette,Riddlesden,briddlesdendh@qq.com,Female,202.210.58.179,02/26/2018,
487,Marietta,Meegan,mmeegandi@icio.us,Female,134.57.165.213,04/13/2018,
488,Morton,MacDuffie,mmacduffiedj@ox.ac.uk,Male,145.87.103.168,07/02/2018,
489,Carena,Metts,cmettsdk@wiley.com,Female,66.47.122.178,04/30/2018,
490,Erina,Clarae,eclaraedl@yolasite.com,Female,64.250.77.64,12/10/2018,
491,Pace,Masterton,pmastertondm@ed.gov,Male,129.27.188.148,08/28/2018,
492,Cchaddie,Royse,croysedn@a8.net,Male,215.198.44.249,02/26/2018,
493,Erena,McShane,emcshanedo@sphinn.com,Female,91.97.171.35,08/19/2018,
494,Jay,Hayselden,jhayseldendp@apple.com,Male,205.226.23.51,07/07/2018,
495,Hussein,Enriques,henriquesdq@usatoday.com,Male,178.47.198.115,01/07/2019,
496,Mirabella,Ordish,mordishdr@timesonline.co.uk,Female,59.101.117.120,01/07/2019,
497,Enid,Antat,eantatds@prweb.com,Female,22.9.123.19,01/05/2019,
498,Brandi,Chantillon,bchantillondt@twitpic.com,Female,97.35.19.241,10/10/2018,
499,Harlene,Jullian,hjulliandu@exblog.jp,Female,113.128.77.121,03/01/2018,
500,Gwenneth,Andrick,gandrickdv@tripadvisor.com,Female,125.207.104.241,10/26/2018,
501,Garth,Costell,gcostelldw@amazon.co.uk,Male,13.28.200.220,04/06/2018,
502,Bette,Ayris,bayrisdx@ycombinator.com,Female,62.94.210.203,04/19/2018,
503,Gerianne,Jacox,gjacoxdy@uol.com.br,Female,161.103.190.100,09/11/2018,
504,Fara,Bermingham,fberminghamdz@skyrock.com,Female,68.214.36.227,10/10/2018,
505,Marthena,MacVaugh,mmacvaughe0@list-manage.com,Female,128.78.155.138,01/11/2019,
506,Gwyneth,Poff,gpoffe1@vk.com,Female,35.142.95.163,04/06/2018,
507,Godard,Tribble,gtribblee2@prnewswire.com,Male,165.153.159.109,07/15/2018,
508,Annabella,Saunder,asaundere3@alexa.com,Female,16.13.35.40,01/17/2018,
509,Jenine,McGiffie,jmcgiffiee4@chicagotribune.com,Female,166.223.11.201,06/09/2018,
510,Guido,Rivard,grivarde5@canalblog.com,Male,85.182.51.181,10/01/2018,
511,Nettie,McGarel,nmcgarele6@army.mil,Female,230.202.98.211,10/05/2018,
512,Miof mela,Kahen,mkahene7@ibm.com,Female,136.254.52.166,06/27/2018,
513,Riva,Girsch,rgirsche8@ow.ly,Female,70.220.12.35,01/08/2019,
514,Terrell,Stadden,tstaddene9@virginia.edu,Male,127.23.121.129,05/08/2018,
515,Gilly,Carrell,gcarrellea@xinhuanet.com,Female,142.8.17.73,09/16/2018,
516,Corby,Duesbury,cduesburyeb@bandcamp.com,Male,109.219.21.233,12/04/2018,
517,Karen,Stuffins,kstuffinsec@cnet.com,Female,199.8.219.231,12/28/2018,
518,Denna,Silbert,dsilberted@usgs.gov,Female,52.172.55.251,03/22/2018,
519,Ailis,Crowne,acrowneee@house.gov,Female,188.205.122.168,06/30/2018,
520,Gustav,Goodding,ggooddingef@cornell.edu,Male,25.206.64.21,04/05/2018,
521,Feliza,Maren,fmareneg@google.co.jp,Female,29.55.199.198,09/19/2018,
522,Fleming,Duffield,fduffieldeh@phpbb.com,Male,4.111.159.163,09/10/2018,
523,Arlyn,Cano,acanoei@shop-pro.jp,Female,251.142.205.73,07/07/2018,
524,Carmel,Heeron,cheeronej@businessweek.com,Female,175.88.127.36,11/23/2018,
525,Becki,Goldfinch,bgoldfinchek@telegraph.co.uk,Female,143.216.216.216,12/21/2018,
526,Amalia,Palia,apaliael@digg.com,Female,36.157.128.157,11/11/2018,
527,Lani,Shippey,lshippeyem@tripod.com,Female,177.3.142.253,06/15/2018,
528,Clint,Sutherby,csutherbyen@cpanel.net,Male,0.95.196.253,06/10/2018,
529,Bernice,Peacey,bpeaceyeo@paypal.com,Female,172.165.211.25,10/27/2018,
530,Sterne,Burgan,sburganep@cyberchimps.com,Male,52.201.63.102,04/27/2018,
531,Buiron,Kane,bkaneeq@ezinearticles.com,Male,14.77.231.183,03/19/2018,
532,Karine,Fassbindler,kfassbindlerer@vk.com,Female,160.111.8.95,03/08/2018,
533,Chuck,Combes,ccombeses@mozilla.org,Male,237.36.68.171,05/09/2018,
534,Susette,Garbott,sgarbottet@reference.com,Female,45.220.8.194,07/10/2018,
535,Bibby,Iacobetto,biacobettoeu@exblog.jp,Female,227.215.70.204,03/19/2018,
536,Onfroi,Iredale,oiredaleev@youku.com,Male,60.199.184.0,10/06/2018,
537,Carmen,Smewings,csmewingsew@scribd.com,Female,71.154.250.56,02/14/2018,
538,Esta,Clemmitt,eclemmittex@devhub.com,Female,115.220.147.54,05/14/2018,
539,Barbey,Nast,bnastey@quantcast.com,Female,143.10.210.70,08/06/2018,
540,Maegan,Jaskiewicz,mjaskiewiczez@fda.gov,Female,53.175.15.201,02/06/2018,
541,Lorilee,Gress,lgressf0@goo.ne.jp,Female,165.159.51.137,03/12/2018,
542,Malchy,Arnopp,marnoppf1@umn.edu,Male,93.66.32.95,11/11/2018,
543,Michel,Rishman,mrishmanf2@jugem.jp,Female,240.55.165.89,01/01/2019,
544,Genia,Windibank,gwindibankf3@xing.com,Female,157.94.104.208,04/26/2018,
545,Angele,Grix,agrixf4@patch.com,Female,163.120.206.135,03/29/2018,
546,Meara,Bonnick,mbonnickf5@zdnet.com,Female,107.46.244.65,02/27/2018,
547,Daryn,Brade,dbradef6@pcworld.com,Female,45.183.191.56,02/22/2018,
548,Gregorius,Hegley,ghegleyf7@last.fm,Male,28.46.237.198,06/30/2018,
549,Neda,Cammack,ncammackf8@typepad.com,Female,161.148.235.24,06/19/2018,
550,Yanaton,Enever,yeneverf9@yale.edu,Male,48.75.17.90,11/16/2018,
551,Hammad,Guillain,hguillainfa@jalbum.net,Male,186.174.173.34,07/05/2018,
552,Daphna,Ingliss,dinglissfb@photobucket.com,Female,17.207.236.251,12/18/2018,
553,Archambault,Worsall,aworsallfc@sitemeter.com,Male,81.235.49.114,01/12/2019,
554,Farrel,Whitwell,fwhitwellfd@ifeng.com,Male,132.103.185.4,12/17/2018,
555,Franchot,McDugal,fmcdugalfe@tuttocitta.it,Male,160.88.76.138,03/28/2018,
556,Waylan,Van Niekerk,wvanniekerkff@cbc.ca,Male,104.202.161.45,06/12/2018,
557,Selby,McCandie,smccandiefg@infoseek.co.jp,Male,218.108.92.186,10/24/2018,
558,Klement,Laviss,klavissfh@miibeian.gov.cn,Male,176.43.108.76,12/01/2018,
559,Yardley,Dunsmore,ydunsmorefi@t.co,Male,16.224.137.7,05/08/2018,
560,Gregoire,Ritch,gritchfj@kickstarter.com,Male,113.89.6.103,02/23/2018,
561,Rolland,Cullrford,rcullrfordfk@over-blog.com,Male,33.151.63.93,11/30/2018,
562,Janella,Challiner,jchallinerfl@yahoo.co.jp,Female,234.142.32.231,02/26/2018,
563,Fair,MacNish,fmacnishfm@google.ca,Male,164.167.121.72,09/05/2018,
564,Cate,Hawker,chawkerfn@quantcast.com,Female,173.206.229.70,02/08/2018,
565,Herschel,Simnel,hsimnelfo@phoca.cz,Male,67.121.87.38,03/13/2018,
566,Forest,Brett,fbrettfp@moonfruit.com,Male,161.224.220.249,03/25/2018,
567,Renelle,Johannesson,rjohannessonfq@bandcamp.com,Female,220.61.22.166,07/31/2018,
568,Siouxie,Daddow,sdaddowfr@twitter.com,Female,196.104.246.86,10/04/2018,
569,Vita,Smails,vsmailsfs@mozilla.org,Female,3.42.209.152,10/25/2018,
570,Tiffy,Beatty,tbeattyft@1688.com,Female,221.206.12.104,06/29/2018,
571,Reeta,Badcock,rbadcockfu@ucla.edu,Female,67.21.249.197,03/22/2018,
572,Keelia,Rakes,krakesfv@adobe.com,Female,195.93.216.200,08/18/2018,
573,Phebe,Cestard,pcestardfw@e-recht24.de,Female,64.126.98.63,10/08/2018,
574,Darn,Oret,doretfx@sbwire.com,Male,71.133.179.224,08/25/2018,
575,Lacey,Syde,lsydefy@alibaba.com,Female,207.81.122.152,09/28/2018,
576,Gage,Shefton,gsheftonfz@people.com.cn,Male,190.48.224.124,05/11/2018,
577,Georgeanna,Souness,gsounessg0@a8.net,Female,143.132.7.35,10/18/2018,
578,Ethan,McCrow,emccrowg1@addthis.com,Male,213.1.62.83,06/15/2018,
579,Conroy,Jans,cjansg2@sbwire.com,Male,174.11.133.203,08/13/2018,
580,Dreddy,Guidini,dguidinig3@vimeo.com,Female,69.251.57.152,01/28/2018,
581,Nickey,Barette,nbaretteg4@ow.ly,Male,47.206.211.199,04/06/2018,
582,Phoebe,Reicherz,preicherzg5@parallels.com,Female,131.166.99.24,05/06/2018,
583,Carolann,Spadazzi,cspadazzig6@mtv.com,Female,36.207.239.201,09/08/2018,
584,Catlin,Caitlin,ccaitling7@wsj.com,Female,137.197.57.8,07/17/2018,
585,Arther,Coffin,acoffing8@squarespace.com,Male,154.132.180.146,06/29/2018,
586,Corny,Learie,clearieg9@gnu.org,Female,180.224.2.207,12/08/2018,
587,Emmy,Gellion,egellionga@wordpress.org,Male,87.73.128.154,12/21/2018,
588,Tomaso,Girton,tgirtongb@wisc.edu,Male,179.15.94.218,01/13/2019,
589,Pooh,Canham,pcanhamgc@simplemachines.org,Male,126.192.137.23,11/26/2018,
590,Betta,Gwillim,bgwillimgd@topsy.com,Female,111.190.95.231,05/01/2018,
591,Hill,Hens,hhensge@huffingtonpost.com,Male,8.24.87.69,04/16/2018,
592,Frankie,Churchard,fchurchardgf@ibm.com,Male,148.179.161.175,02/24/2018,
593,Selig,Fedder,sfeddergg@friendfeed.com,Male,45.212.121.254,02/07/2018,
594,Renie,Wintersgill,rwintersgillgh@4shared.com,Female,195.134.84.168,08/16/2018,
595,Tomi,McInility,tmcinilitygi@themeforest.net,Female,227.111.40.28,08/19/2018,
596,Stella,Snowding,ssnowdinggj@europa.eu,Female,236.162.83.10,06/25/2018,
597,Gertrude,Hustings,ghustingsgk@tuttocitta.it,Female,100.181.102.147,12/17/2018,
598,Asher,Lestrange,alestrangegl@stanford.edu,Male,7.120.118.226,11/20/2018,
599,Elie,Wimes,ewimesgm@etsy.com,Female,113.175.249.187,03/30/2018,
600,Ericka,Potte,epottegn@list-manage.com,Female,88.245.26.145,01/12/2019,
601,Daphna,Calderon,dcalderongo@google.cn,Female,168.99.86.54,12/12/2018,
602,Ludovico,Simnell,lsimnellgp@vk.com,Male,70.221.60.156,01/26/2018,
603,Timoteo,Matei,tmateigq@linkedin.com,Male,22.136.7.191,05/26/2018,
604,Oby,Huster,ohustergr@123-reg.co.uk,Male,105.145.200.251,01/11/2019,
605,Nelli,Schouthede,nschouthedegs@parallels.com,Female,220.160.180.155,05/26/2018,
606,Petunia,Rosenfeld,prosenfeldgt@devhub.com,Female,153.97.202.0,05/01/2018,
607,Kahaleel,Lumsdaine,klumsdainegu@hud.gov,Male,85.16.182.72,03/14/2018,
608,Nelli,Fibbit,nfibbitgv@netscape.com,Female,9.21.69.172,01/14/2019,
609,Gloriane,Leamy,gleamygw@cyberchimps.com,Female,89.188.69.206,06/28/2018,
610,Hercule,Kagan,hkagangx@ted.com,Male,38.184.143.184,01/07/2019,
611,Adrian,Kopfer,akopfergy@infoseek.co.jp,Male,83.89.194.88,10/14/2018,
612,Alyson,Falkner,afalknergz@canalblog.com,Female,144.175.213.141,12/02/2018,
613,Ches,Grindlay,cgrindlayh0@wsj.com,Male,50.106.113.162,06/18/2018,
614,Anson,MacKill,amackillh1@mysql.com,Male,132.81.186.135,09/08/2018,
615,Row,Moncreiff,rmoncreiffh2@delicious.com,Female,17.137.57.253,08/03/2018,
616,Emylee,Gergus,egergush3@artisteer.com,Female,3.53.241.134,11/29/2018,
617,Mollie,Spurling,mspurlingh4@dmoz.org,Female,16.188.59.126,01/14/2019,
618,Rourke,Lynde,rlyndeh5@ameblo.jp,Male,109.159.96.57,08/05/2018,
619,Emmeline,Curgenven,ecurgenvenh6@ed.gov,Female,121.207.81.84,06/26/2018,
620,Goldarina,Sloley,gsloleyh7@elegantthemes.com,Female,141.229.15.237,04/14/2018,
621,Montgomery,Bretland,mbretlandh8@time.com,Male,215.230.110.136,03/19/2018,
622,Gus,Goldster,ggoldsterh9@wp.com,Male,255.38.80.122,08/19/2018,
623,Kordula,Keepe,kkeepeha@boston.com,Female,123.47.197.50,08/26/2018,
624,Thaine,Bisatt,tbisatthb@unesco.org,Male,60.83.171.231,10/07/2018,
625,Kylen,Scorey,kscoreyhc@ft.com,Female,169.91.246.23,05/05/2018,
626,Dreddy,Pues,dpueshd@pagesperso-orange.fr,Female,171.42.75.118,09/14/2018,
627,Deane,Budgett,dbudgetthe@cnn.com,Female,80.180.206.133,05/18/2018,
628,Madelin,Severn,msevernhf@indiatimes.com,Female,160.120.79.80,01/18/2018,
629,Inglebert,Denley,idenleyhg@booking.com,Male,99.50.230.62,07/07/2018,
630,Dolf,Dukelow,ddukelowhh@cafepress.com,Male,186.159.102.104,12/20/2018,
631,Adore,Mulvey,amulveyhi@furl.net,Female,81.230.130.175,11/18/2018,
632,Roderich,Blanning,rblanninghj@home.pl,Male,50.165.250.188,12/31/2018,
633,Travers,Primak,tprimakhk@yellowpages.com,Male,206.201.158.124,01/25/2018,
634,Adina,Thickett,athicketthl@lycos.com,Female,248.121.204.213,09/18/2018,
635,Erv,Middell,emiddellhm@behance.net,Male,70.140.10.170,06/14/2018,
636,Maribel,Willas,mwillashn@mayoclinic.com,Female,52.128.97.16,04/15/2018,
637,Gisele,Lapley,glapleyho@unicef.org,Female,7.63.113.116,03/01/2018,
638,Gert,MacAnelley,gmacanelleyhp@studiopress.com,Female,80.232.180.133,05/14/2018,
639,Gui,Terzza,gterzzahq@rambler.ru,Female,237.94.67.11,10/13/2018,
640,Eden,Winscomb,ewinscombhr@woothemes.com,Female,89.174.223.225,12/08/2018,
641,Filia,Dubique,fdubiquehs@nytimes.com,Female,230.50.171.81,12/01/2018,
642,Baryram,Karp,bkarpht@dagondesign.com,Male,59.200.69.242,06/20/2018,
643,Lion,Baynam,lbaynamhu@usda.gov,Male,58.178.73.26,10/19/2018,
644,Carolynn,Cotgrave,ccotgravehv@dyndns.org,Female,151.246.6.65,08/02/2018,
645,Hamish,Faivre,hfaivrehw@intel.com,Male,51.69.250.109,08/07/2018,
646,Ardra,Andreou,aandreouhx@eventbrite.com,Female,237.194.52.231,08/25/2018,
647,Duke,MacInerney,dmacinerneyhy@github.com,Male,113.104.77.218,05/29/2018,
648,Haskel,Boake,hboakehz@posterous.com,Male,133.106.8.225,03/03/2018,
649,Brantley,Polgreen,bpolgreeni0@columbia.edu,Male,120.93.113.135,12/03/2018,
650,Michaelina,Marsh,mmarshi1@ihg.com,Female,172.15.203.74,03/02/2018,
651,Martyn,Rizzo,mrizzoi2@amazon.de,Male,23.231.243.195,07/08/2018,
652,Chantal,Dilley,cdilleyi3@weather.com,Female,11.245.33.48,07/18/2018,
653,Roderic,Blatherwick,rblatherwicki4@cbslocal.com,Male,87.138.205.209,05/03/2018,
654,Patrice,Morston,pmorstoni5@cloudflare.com,Male,163.144.155.37,03/10/2018,
655,Bear,Godmer,bgodmeri6@sitemeter.com,Male,0.62.231.80,05/21/2018,
656,Thorsten,Preston,tprestoni7@ocn.ne.jp,Male,21.162.77.182,06/15/2018,
657,Merill,Boumphrey,mboumphreyi8@ft.com,Male,15.219.0.98,08/06/2018,
658,Tobie,Asif,tasifi9@tinypic.com,Male,158.33.249.164,05/21/2018,
659,Karie,Zupo,kzupoia@nih.gov,Female,85.63.94.53,01/28/2018,
660,Minne,Killock,mkillockib@drupal.org,Female,238.116.148.153,11/02/2018,
661,Madelaine,Tomkies,mtomkiesic@bandcamp.com,Female,5.243.21.165,04/09/2018,
662,Bentley,Infante,binfanteid@nhs.uk,Male,185.82.156.117,07/30/2018,
663,Rutledge,Perrat,rperratie@live.com,Male,3.49.143.97,09/29/2018,
664,Kristian,Aucutt,kaucuttif@hugedomains.com,Male,124.249.247.125,01/15/2019,
665,Stanly,Fabler,sfablerig@google.pl,Male,55.62.23.74,07/01/2018,
666,Pamela,Cullingworth,pcullingworthih@phoca.cz,Female,57.31.193.55,08/25/2018,
667,Fiona,Gregorin,fgregorinii@umn.edu,Female,144.156.98.118,10/31/2018,
668,Pooh,Smithe,psmitheij@zimbio.com,Female,139.244.188.83,10/13/2018,
669,Marion,Murkus,mmurkusik@illinois.edu,Male,39.1.162.163,05/31/2018,
670,Wait,Coulter,wcoulteril@studiopress.com,Male,147.162.32.254,03/04/2018,
671,Edeline,Landsbury,elandsburyim@adobe.com,Female,245.184.78.53,10/08/2018,
672,Auberon,Mogenot,amogenotin@soup.io,Male,19.166.44.20,07/28/2018,
673,Jacynth,Dando,jdandoio@state.tx.us,Female,158.79.113.87,07/31/2018,
674,Erina,Wistance,ewistanceip@squarespace.com,Female,251.238.126.8,12/12/2018,
675,Corrie,Hayman,chaymaniq@cyberchimps.com,Male,251.61.111.39,12/12/2018,
676,Dougie,Bodega,dbodegair@java.com,Male,179.230.78.81,09/14/2018,
677,Alfy,Birdwistle,abirdwistleis@usgs.gov,Female,83.147.10.33,05/03/2018,
678,Charmane,Cerie,ccerieit@weebly.com,Female,138.126.5.31,04/30/2018,
679,Baxter,Popelay,bpopelayiu@w3.org,Male,7.21.18.138,07/22/2018,
680,Liva,Salling,lsallingiv@nydailynews.com,Female,104.98.140.130,04/02/2018,
681,Gal,Bilton,gbiltoniw@storify.com,Male,208.215.101.172,06/01/2018,
682,Daisi,Dallimare,ddallimareix@sitemeter.com,Female,217.234.115.55,04/06/2018,
683,Ania,Robertis,arobertisiy@businesswire.com,Female,123.77.73.124,12/05/2018,
684,Audie,Lilliman,alillimaniz@dailymotion.com,Female,254.130.66.142,10/12/2018,
685,Bernadene,Aslin,baslinj0@unesco.org,Female,212.23.89.22,04/23/2018,
686,Nelle,Sent,nsentj1@cnn.com,Female,122.48.108.57,01/28/2018,
687,Rodi,Kliement,rkliementj2@google.it,Female,219.112.154.161,01/04/2019,
688,Ceciley,Waltering,cwalteringj3@howstuffworks.com,Female,124.81.115.228,02/22/2018,
689,Shelagh,Eddowes,seddowesj4@bloglines.com,Female,233.124.27.117,05/20/2018,
690,Cathrine,St. John,cstjohnj5@bigcartel.com,Female,9.166.242.211,08/30/2018,
691,Batholomew,Svanetti,bsvanettij6@columbia.edu,Male,60.248.136.209,12/24/2018,
692,Baxter,Danielsky,bdanielskyj7@e-recht24.de,Male,122.227.23.20,02/17/2018,
693,Hendrick,Pirouet,hpirouetj8@washingtonpost.com,Male,36.228.237.208,07/28/2018,
694,Dionysus,Rodell,drodellj9@twitpic.com,Male,70.47.31.71,01/20/2018,
695,Tybalt,Doutch,tdoutchja@squidoo.com,Male,15.191.156.68,03/30/2018,
696,Trudie,Woodward,twoodwardjb@booking.com,Female,138.55.178.234,09/22/2018,
697,Denys,Hacket,dhacketjc@state.gov,Male,168.121.202.44,08/05/2018,
698,Ardella,Tasseler,atasselerjd@wikimedia.org,Female,67.19.40.1,08/22/2018,
699,Brittani,Borris,bborrisje@issuu.com,Female,143.152.96.139,11/23/2018,
700,Tawsha,Klishin,tklishinjf@cbsnews.com,Female,247.235.215.190,06/24/2018,
701,Chrotoem,Aleksidze,caleksidzejg@privacy.gov.au,Male,20.75.247.152,11/22/2018,
702,Hulda,Draye,hdrayejh@sohu.com,Female,200.122.24.39,11/05/2018,
703,Koren,Aleswell,kaleswellji@prnewswire.com,Female,52.226.154.102,04/26/2018,
704,Brianne,McIndrew,bmcindrewjj@wikia.com,Female,112.215.89.71,07/02/2018,
705,Cullen,Ganforthe,cganforthejk@discuz.net,Male,201.101.228.66,01/07/2019,
706,Gaby,Hanscomb,ghanscombjl@123-reg.co.uk,Male,249.196.216.65,05/13/2018,
707,Aarika,Pegden,apegdenjm@domainmarket.com,Female,33.39.31.255,08/29/2018,
708,Pattie,Kluge,pklugejn@comcast.net,Male,237.156.102.126,05/17/2018,
709,Guillemette,Tudge,gtudgejo@gnu.org,Female,128.24.232.121,09/30/2018,
710,Allix,Amori,aamorijp@behance.net,Female,26.204.60.46,05/11/2018,
711,Dunstan,Kenrat,dkenratjq@ow.ly,Male,138.25.155.99,09/23/2018,
712,Victoria,Delph,vdelphjr@guardian.co.uk,Female,169.38.35.214,01/08/2019,
713,Carleen,Wratten,cwrattenjs@ebay.co.uk,Female,40.195.7.78,12/25/2018,
714,Jacquenetta,Mc Menamin,jmcmenaminjt@techcrunch.com,Female,191.3.207.61,09/21/2018,
715,Alan,Huelin,ahuelinju@apple.com,Male,2.88.200.40,01/08/2019,
716,Bonny,Pughsley,bpughsleyjv@blinklist.com,Female,44.120.171.140,05/29/2018,
717,Aube,Frissell,afrisselljw@nifty.com,Male,247.211.186.162,10/01/2018,
718,Lonni,Mollon,lmollonjx@nifty.com,Female,82.161.135.244,03/10/2018,
719,Dennie,Goldsbury,dgoldsburyjy@ovh.net,Male,124.143.188.163,01/05/2019,
720,Dan,Cuckson,dcucksonjz@google.com.br,Male,171.178.140.15,12/05/2018,
721,Lilli,Oates,loatesk0@apache.org,Female,197.211.136.236,05/05/2018,
722,Vanessa,Whitewood,vwhitewoodk1@loc.gov,Female,91.35.128.237,05/07/2018,
723,Midge,Baber,mbaberk2@boston.com,Female,44.200.195.11,04/05/2018,
724,Kerby,Kleinber,kkleinberk3@ftc.gov,Male,23.106.172.87,12/17/2018,
725,Shara,Roxbee,sroxbeek4@tiny.cc,Female,73.179.58.120,04/04/2018,
726,Janna,Erskin,jerskink5@phoca.cz,Female,207.241.235.244,03/15/2018,
727,Shelbi,MacPadene,smacpadenek6@who.int,Female,82.63.185.219,09/01/2018,
728,Brandi,Verbruggen,bverbruggenk7@columbia.edu,Female,13.75.190.67,12/03/2018,
729,Berne,Dugood,bdugoodk8@imageshack.us,Male,120.77.231.54,05/02/2018,
730,Lawry,Keaveney,lkeaveneyk9@lulu.com,Male,38.121.238.196,10/22/2018,
731,Arda,Randles,arandleska@mediafire.com,Female,79.24.175.187,10/07/2018,
732,Shanan,Culleton,sculletonkb@desdev.cn,Male,159.157.23.211,12/03/2018,
733,Ardra,Damant,adamantkc@simplemachines.org,Female,61.53.156.245,08/08/2018,
734,Nannette,Dyers,ndyerskd@icio.us,Female,243.12.102.79,06/10/2018,
735,Aleece,Loan,aloanke@blog.com,Female,121.96.62.237,01/22/2018,
736,Myrle,Clopton,mcloptonkf@chron.com,Female,86.8.55.231,12/29/2018,
737,Ashleigh,Waiting,awaitingkg@soup.io,Female,85.166.68.198,02/26/2018,
738,Adriana,Peasby,apeasbykh@bloglines.com,Female,203.70.230.195,01/31/2018,
739,Efren,Cristofol,ecristofolki@salon.com,Male,22.212.31.88,07/29/2018,
740,Colette,Udden,cuddenkj@barnesandnoble.com,Female,240.106.194.196,08/11/2018,
741,Jayson,Clinning,jclinningkk@weebly.com,Male,24.199.11.15,04/01/2018,
742,Gearard,Swalteridge,gswalteridgekl@theglobeandmail.com,Male,126.136.165.207,03/23/2018,
743,Arri,Slyvester,aslyvesterkm@oracle.com,Male,130.218.180.168,06/19/2018,
744,Teirtza,Urlin,turlinkn@google.cn,Female,54.207.88.229,12/17/2018,
745,Taber,Dries,tdriesko@patch.com,Male,13.189.240.246,10/06/2018,
746,Marthena,Orrice,morricekp@narod.ru,Female,167.104.127.37,08/02/2018,
747,Dom,Brakespear,dbrakespearkq@cnn.com,Male,3.43.53.98,06/26/2018,
748,Angelico,Hutchason,ahutchasonkr@ucoz.ru,Male,157.172.178.217,05/25/2018,
749,Irene,Klejin,iklejinks@phoca.cz,Female,126.2.227.99,03/04/2018,
750,Eada,Abramow,eabramowkt@sourceforge.net,Female,108.119.43.5,11/06/2018,
751,Care,Allenby,callenbyku@fastcompany.com,Male,124.168.95.245,01/03/2019,
752,Michel,Basile,mbasilekv@soup.io,Female,142.110.12.67,09/08/2018,
753,Casandra,MacAnelley,cmacanelleykw@wix.com,Female,2.152.5.150,04/30/2018,
754,Laurena,Farnham,lfarnhamkx@pagesperso-orange.fr,Female,218.57.4.232,07/04/2018,
755,Porter,Garvill,pgarvillky@joomla.org,Male,100.161.232.67,08/12/2018,
756,Justino,Collinette,jcollinettekz@posterous.com,Male,28.129.139.22,12/09/2018,
757,Emlynne,Gourlay,egourlayl0@usnews.com,Female,219.157.162.243,09/05/2018,
758,Petunia,Addie,paddiel1@cnn.com,Female,156.222.66.194,02/09/2018,
759,Floyd,Phillott,fphillottl2@sina.com.cn,Male,236.141.169.112,11/10/2018,
760,Greg,Haney`,ghaneyl3@blogspot.com,Male,111.201.205.7,08/21/2018,
761,Shel,Grzegorzewski,sgrzegorzewskil4@scribd.com,Female,33.117.181.114,09/17/2018,
762,Car,Greggersen,cgreggersenl5@networkadvertising.org,Male,185.9.230.106,01/02/2019,
763,Lorrie,Lonnon,llonnonl6@usgs.gov,Male,0.249.129.237,09/24/2018,
764,Shelby,Alywin,salywinl7@quantcast.com,Female,217.84.183.177,10/15/2018,
765,Ami,Falconer-Taylor,afalconertaylorl8@histats.com,Female,185.84.119.231,07/04/2018,
766,Kore,Yokley,kyokleyl9@imdb.com,Female,56.84.32.206,10/07/2018,
767,Glenna,Leban,glebanla@homestead.com,Female,81.43.47.50,10/14/2018,
768,Ramsey,Cansdell,rcansdelllb@nsw.gov.au,Male,142.241.126.6,10/14/2018,
769,Sumner,Blunsen,sblunsenlc@auda.org.au,Male,193.183.141.18,05/11/2018,
770,Brandise,Paskerful,bpaskerfulld@mac.com,Female,79.152.209.116,02/10/2018,
771,Roarke,Loynton,rloyntonle@sourceforge.net,Male,18.246.168.221,01/01/2019,
772,Colman,Viger,cvigerlf@hp.com,Male,164.126.76.127,05/15/2018,
773,Vally,Toe,vtoelg@mayoclinic.com,Female,193.12.96.108,02/11/2018,
774,Farica,Scampion,fscampionlh@elpais.com,Female,212.227.89.199,12/06/2018,
775,Alphard,Jorcke,ajorckeli@newyorker.com,Male,54.187.114.172,09/07/2018,
776,Sherlock,Komorowski,skomorowskilj@cdc.gov,Male,223.28.6.29,07/27/2018,
777,Ally,Antoons,aantoonslk@simplemachines.org,Female,247.168.114.201,07/10/2018,
778,Moira,Culter,mculterll@storify.com,Female,134.187.51.234,04/08/2018,
779,Ameline,Nisen,anisenlm@globo.com,Female,123.218.40.135,10/26/2018,
780,Aloysia,Purkiss,apurkissln@blogs.com,Female,102.122.241.1,05/13/2018,
781,Carin,Luscombe,cluscombelo@pcworld.com,Female,176.206.230.43,11/24/2018,
782,Jacinda,de la Tremoille,jdelatremoillelp@artisteer.com,Female,94.204.245.152,04/09/2018,
783,Mic,Mugridge,mmugridgelq@globo.com,Male,164.5.58.97,03/11/2018,
784,Costanza,Drohun,cdrohunlr@simplemachines.org,Female,172.248.232.56,10/07/2018,
785,Kyle,Jonczyk,kjonczykls@wired.com,Female,44.46.57.47,12/10/2018,
786,Kaleb,Sadd,ksaddlt@pen.io,Male,148.94.185.25,05/13/2018,
787,Burch,Kroll,bkrolllu@eventbrite.com,Male,176.135.177.31,09/28/2018,
788,Aaron,Skelton,askeltonlv@toplist.cz,Male,1.255.105.62,07/31/2018,
789,Sayre,Maggiori,smaggiorilw@icq.com,Male,48.206.79.97,03/05/2018,
790,Dyna,McBlain,dmcblainlx@fema.gov,Female,175.71.41.218,07/15/2018,
791,Laurella,Bolley,lbolleyly@macromedia.com,Female,93.192.77.250,05/09/2018,
792,Ahmad,Durnall,adurnalllz@skype.com,Male,181.249.102.37,01/03/2019,
793,Aymer,Burgwin,aburgwinm0@cbsnews.com,Male,220.96.188.91,01/21/2018,
794,Isis,Willerstone,iwillerstonem1@cmu.edu,Female,140.218.166.32,08/08/2018,
795,Konstanze,Smedmoor,ksmedmoorm2@live.com,Female,166.107.128.133,12/04/2018,
796,Delmore,Giacobelli,dgiacobellim3@goo.ne.jp,Male,78.129.25.26,12/17/2018,
797,Sasha,Pierse,spiersem4@kickstarter.com,Male,30.207.192.159,06/24/2018,
798,Ardyth,Peres,aperesm5@purevolume.com,Female,179.14.81.77,03/17/2018,
799,Jeanette,Grafton-Herbert,jgraftonherbertm6@rediff.com,Female,47.138.180.80,09/15/2018,
800,Willey,Brodbin,wbrodbinm7@ifeng.com,Male,117.80.98.58,02/08/2018,
801,Laurette,Millsap,lmillsapm8@aol.com,Female,48.34.186.247,12/15/2018,
802,Cello,D' Angelo,cdangelom9@sfgate.com,Male,125.68.114.252,12/22/2018,
803,Gordan,Joicey,gjoiceyma@marketwatch.com,Male,73.134.40.192,02/28/2018,
804,Sonny,Cassella,scassellamb@elpais.com,Female,129.13.238.198,01/31/2018,
805,Parnell,Waddington,pwaddingtonmc@storify.com,Male,152.122.193.159,06/21/2018,
806,Linoel,Mulchrone,lmulchronemd@archive.org,Male,179.105.6.239,06/14/2018,
807,Cari,Digweed,cdigweedme@gmpg.org,Female,150.44.7.71,08/17/2018,
808,Reinaldo,Cufley,rcufleymf@altervista.org,Male,207.54.227.9,08/23/2018,
809,Meg,Sauvage,msauvagemg@altervista.org,Female,57.23.254.44,01/12/2019,
810,Maurise,Holston,mholstonmh@barnesandnoble.com,Male,3.241.12.173,12/10/2018,
811,Ronnie,Dinsmore,rdinsmoremi@seattletimes.com,Male,16.100.251.56,03/01/2018,
812,Lorene,Reeves,lreevesmj@wunderground.com,Female,1.30.218.193,01/07/2019,
813,Celeste,Severy,cseverymk@woothemes.com,Female,53.47.9.65,04/03/2018,
814,Nady,Paddick,npaddickml@msu.edu,Female,249.87.243.183,02/08/2018,
815,Aggy,Le Port,aleportmm@squarespace.com,Female,180.54.209.48,12/29/2018,
816,Joseito,Kirtland,jkirtlandmn@cdbaby.com,Male,51.80.115.215,04/11/2018,
817,Sherrie,Moir,smoirmo@fc2.com,Female,217.3.142.181,01/18/2018,
818,Jemmie,Grandin,jgrandinmp@hao123.com,Female,22.52.170.46,09/08/2018,
819,Angeli,Brownbill,abrownbillmq@xrea.com,Male,115.116.136.176,05/21/2018,
820,Waylin,Elam,welammr@wikispaces.com,Male,118.158.21.214,07/14/2018,
821,Maye,Mardling,mmardlingms@un.org,Female,86.81.99.86,10/20/2018,
822,Rhett,Tebbit,rtebbitmt@ca.gov,Male,220.106.70.12,03/05/2018,
823,Kin,Issard,kissardmu@ycombinator.com,Male,97.17.243.197,12/08/2018,
824,Carlo,Esh,ceshmv@wiley.com,Male,90.2.130.48,03/23/2018,
825,Karlotta,Bresnahan,kbresnahanmw@is.gd,Female,32.102.149.66,02/27/2018,
826,Cristabel,Lowdes,clowdesmx@telegraph.co.uk,Female,39.217.248.140,08/21/2018,
827,Ruddie,Cobbin,rcobbinmy@163.com,Male,107.184.25.173,04/11/2018,
828,Byram,Jobke,bjobkemz@bluehost.com,Male,132.162.207.82,12/10/2018,
829,Zacharia,Grolle,zgrollen0@timesonline.co.uk,Male,253.157.42.225,05/21/2018,
830,Erinn,Templman,etemplmann1@nih.gov,Female,253.11.226.24,09/12/2018,
831,Rosemary,Aykroyd,raykroydn2@last.fm,Female,174.37.241.169,07/28/2018,
832,Jeanette,Arnaudin,jarnaudinn3@nba.com,Female,56.68.42.252,11/26/2018,
833,Arman,Cejka,acejkan4@github.io,Male,215.157.18.93,02/10/2018,
834,Alric,Vedenichev,avedenichevn5@people.com.cn,Male,8.80.53.179,03/08/2018,
835,Merry,Jeste,mjesten6@free.fr,Male,86.67.47.183,10/21/2018,
836,Bertrando,Gove,bgoven7@free.fr,Male,17.158.145.73,09/14/2018,
837,Chelsey,Tarbox,ctarboxn8@jimdo.com,Female,215.167.103.5,03/06/2018,
838,Chadwick,Strutley,cstrutleyn9@cbsnews.com,Male,218.193.204.29,04/04/2018,
839,Noelyn,Mordy,nmordyna@homestead.com,Female,250.100.216.175,11/05/2018,
840,Amye,Grichukhanov,agrichukhanovnb@msn.com,Female,194.20.28.149,06/24/2018,
841,Tymon,Terris,tterrisnc@squarespace.com,Male,129.159.101.50,09/02/2018,
842,Meredeth,Mathen,mmathennd@wiley.com,Male,19.5.21.243,08/13/2018,
843,Maynord,Collingdon,mcollingdonne@behance.net,Male,163.77.239.160,11/22/2018,
844,Brooks,Frediani,bfredianinf@tinyurl.com,Female,230.229.231.223,02/28/2018,
845,Winny,Elsmore,welsmoreng@nymag.com,Female,89.207.125.68,03/30/2018,
846,Barnett,Heal,bhealnh@bluehost.com,Male,16.18.20.64,04/25/2018,
847,Raoul,Spurdon,rspurdonni@eepurl.com,Male,236.52.230.63,09/07/2018,
848,Holt,Skelhorn,hskelhornnj@sogou.com,Male,87.166.139.218,09/04/2018,
849,Janenna,Hairsnape,jhairsnapenk@themeforest.net,Female,183.62.154.222,03/12/2018,
850,Stacee,Whistan,swhistannl@hp.com,Female,64.182.232.40,10/24/2018,
851,Matthias,Giriardelli,mgiriardellinm@wisc.edu,Male,75.69.230.120,12/09/2018,
852,Hadrian,Brauner,hbraunernn@bloglovin.com,Male,221.3.227.10,11/28/2018,
853,Florie,Kennler,fkennlerno@loc.gov,Female,175.8.89.52,11/12/2018,
854,Barthel,Goggey,bgoggeynp@usnews.com,Male,102.87.104.157,06/21/2018,
855,Nanni,Maskell,nmaskellnq@biblegateway.com,Female,247.223.234.237,04/30/2018,
856,Roma,O'Donnell,rodonnellnr@blogger.com,Male,84.91.88.70,12/25/2018,
857,Inglis,Piscot,ipiscotns@nature.com,Male,53.114.71.109,04/04/2018,
858,Findlay,Larwood,flarwoodnt@dell.com,Male,48.158.228.48,07/25/2018,
859,Darryl,Tetford,dtetfordnu@infoseek.co.jp,Female,248.157.204.240,10/28/2018,
860,Gwendolin,Leidl,gleidlnv@dion.ne.jp,Female,179.202.113.217,05/22/2018,
861,Ronald,Mephan,rmephannw@boston.com,Male,138.247.161.230,09/16/2018,
862,Welch,Beaman,wbeamannx@shareasale.com,Male,189.111.187.230,09/18/2018,
863,Abey,Fittes,afittesny@irs.gov,Male,163.46.20.231,12/17/2018,
864,Genny,Tute,gtutenz@salon.com,Female,5.227.143.111,04/21/2018,
865,Kurt,Zarfai,kzarfaio0@mysql.com,Male,192.202.161.151,10/30/2018,
866,Gideon,Fromont,gfromonto1@auda.org.au,Male,49.148.146.201,06/04/2018,
867,Zared,Jerome,zjeromeo2@mashable.com,Male,130.173.101.136,06/18/2018,
868,Minda,Acres,macreso3@webs.com,Female,65.145.28.254,11/02/2018,
869,Peyter,Colquite,pcolquiteo4@mediafire.com,Male,160.59.46.12,04/04/2018,
870,Mike,Aird,mairdo5@nifty.com,Male,221.187.62.133,11/25/2018,
871,Spike,Carruth,scarrutho6@nsw.gov.au,Male,113.151.73.88,07/03/2018,
872,Rosanna,Suermeiers,rsuermeierso7@odnoklassniki.ru,Female,10.164.75.31,11/20/2018,
873,Emanuele,Jaggs,ejaggso8@blogspot.com,Male,41.99.138.10,06/15/2018,
874,Joel,Croan,jcroano9@diigo.com,Male,178.202.177.144,05/11/2018,
875,Cristiano,Stockman,cstockmanoa@domainmarket.com,Male,229.249.243.169,09/04/2018,
876,Shanda,Giovani,sgiovaniob@delicious.com,Female,190.203.141.2,11/17/2018,
877,Roz,Gowrich,rgowrichoc@twitpic.com,Female,40.168.18.24,06/29/2018,
878,Lenette,Dibley,ldibleyod@skype.com,Female,64.149.120.13,02/06/2018,
879,Othilia,Fabry,ofabryoe@twitter.com,Female,203.152.248.29,05/11/2018,
880,Gardie,Sondland,gsondlandof@state.tx.us,Male,171.33.43.178,09/29/2018,
881,Dur,Pykett,dpykettog@yahoo.com,Male,147.193.207.158,11/04/2018,
882,Annora,Hallifax,ahallifaxoh@webs.com,Female,224.58.37.201,06/29/2018,
883,Colby,Habert,chabertoi@biblegateway.com,Male,21.158.43.168,05/27/2018,
884,Alia,Dallimare,adallimareoj@wsj.com,Female,243.91.40.106,08/21/2018,
885,Hyacintha,Paoletto,hpaolettook@example.com,Female,99.233.193.223,11/06/2018,
886,Moll,Wollacott,mwollacottol@constantcontact.com,Female,133.32.229.243,09/26/2018,
887,Karylin,Gallety,kgalletyom@cpanel.net,Female,154.148.5.205,05/09/2018,
888,Mack,Clausen,mclausenon@reddit.com,Male,144.86.207.11,11/08/2018,
889,Sigrid,Lott,slottoo@flickr.com,Female,213.135.43.94,02/13/2018,
890,Dillon,Maydwell,dmaydwellop@skype.com,Male,134.46.236.213,08/25/2018,
891,Inge,Jephson,ijephsonoq@alibaba.com,Female,129.183.117.59,01/12/2019,
892,Latrena,Roo,lrooor@google.es,Female,90.215.109.112,02/11/2018,
893,Annis,Pamphilon,apamphilonos@cisco.com,Female,83.202.93.119,06/09/2018,
894,Tobi,Toffetto,ttoffettoot@weibo.com,Female,245.91.27.17,03/31/2018,
895,Serene,Stark,sstarkou@shutterfly.com,Female,211.66.186.2,10/21/2018,
896,Blancha,Francklyn,bfrancklynov@mtv.com,Female,166.183.144.196,09/28/2018,
897,Giacinta,Jayes,gjayesow@github.io,Female,183.199.134.113,11/23/2018,
898,Stan,De Angelis,sdeangelisox@nba.com,Male,67.216.3.204,02/21/2018,
899,Germaine,Steen,gsteenoy@simplemachines.org,Female,58.98.122.123,04/30/2018,
900,Kriste,Fillery,kfilleryoz@discuz.net,Female,91.138.235.94,01/28/2018,
901,Pepe,Bemrose,pbemrosep0@wix.com,Male,27.107.34.184,07/29/2018,
902,Price,Boone,pboonep1@dot.gov,Male,135.8.219.226,07/29/2018,
903,Toddy,Longworthy,tlongworthyp2@google.ca,Male,181.8.3.170,11/09/2018,
904,Elaina,Kemp,ekempp3@bizjournals.com,Female,150.209.180.223,07/06/2018,
905,Pet,McCrann,pmccrannp4@people.com.cn,Female,83.183.5.163,03/07/2018,
906,Jemima,Juckes,jjuckesp5@mtv.com,Female,107.124.107.193,02/01/2018,
907,Obediah,Lauderdale,olauderdalep6@usda.gov,Male,254.223.59.109,03/26/2018,
908,Sig,Crammy,scrammyp7@altervista.org,Male,80.232.96.20,05/08/2018,
909,Gran,Este,gestep8@unc.edu,Male,180.162.184.226,01/14/2019,
910,Brinna,Hilhouse,bhilhousep9@twitter.com,Female,70.71.74.199,10/18/2018,
911,Lainey,Linnock,llinnockpa@163.com,Female,202.106.92.240,06/26/2018,
912,Augustus,Terrey,aterreypb@merriam-webster.com,Male,195.166.92.245,08/17/2018,
913,Nate,Cleugher,ncleugherpc@vkontakte.ru,Male,229.162.234.133,09/09/2018,
914,Shellie,Whales,swhalespd@zimbio.com,Female,69.124.84.171,12/08/2018,
915,Mervin,Skerm,mskermpe@shareasale.com,Male,187.120.207.66,07/14/2018,
916,Jase,Port,jportpf@dagondesign.com,Male,85.54.73.116,11/28/2018,
917,Samuel,Offa,soffapg@delicious.com,Male,104.77.136.241,02/20/2018,
918,Valera,Omond,vomondph@smugmug.com,Female,148.54.187.242,09/03/2018,
919,Herminia,Mc Kellen,hmckellenpi@ustream.tv,Female,52.196.78.147,04/08/2018,
920,Jannel,Lindwall,jlindwallpj@harvard.edu,Female,104.21.231.113,10/24/2018,
921,Dore,McElrath,dmcelrathpk@businesswire.com,Male,185.19.137.205,08/05/2018,
922,Chiquia,Chicchetto,cchicchettopl@yelp.com,Female,77.79.115.5,03/28/2018,
923,Chev,Caldwell,ccaldwellpm@senate.gov,Male,214.1.240.166,05/29/2018,
924,Gussie,Challinor,gchallinorpn@gnu.org,Female,165.3.251.46,12/26/2018,
925,Britte,McKue,bmckuepo@oaic.gov.au,Female,47.97.251.246,08/11/2018,
926,Shanna,Paternoster,spaternosterpp@thetimes.co.uk,Female,249.19.114.216,03/10/2018,
927,Krysta,Steger,kstegerpq@nsw.gov.au,Female,152.107.49.188,08/29/2018,
928,Delphine,Lefley,dlefleypr@shop-pro.jp,Female,241.19.74.22,11/01/2018,
929,Franni,Goulstone,fgoulstoneps@sfgate.com,Female,253.60.195.232,03/31/2018,
930,Aldis,Itshak,aitshakpt@dell.com,Male,53.251.24.217,04/21/2018,
931,Willabella,Leaning,wleaningpu@berkeley.edu,Female,214.214.56.15,06/17/2018,
932,Brena,McEnteggart,bmcenteggartpv@dagondesign.com,Female,220.105.157.68,01/25/2018,
933,Bella,Pipworth,bpipworthpw@ustream.tv,Female,176.58.222.13,10/11/2018,
934,Anabelle,Goldthorp,agoldthorppx@earthlink.net,Female,10.48.122.54,03/09/2018,
935,Trip,Gush,tgushpy@wordpress.org,Male,97.226.37.180,06/25/2018,
936,Christiano,Boards,cboardspz@joomla.org,Male,148.65.103.20,04/25/2018,
937,Jan,Cuel,jcuelq0@house.gov,Male,108.185.132.248,04/08/2018,
938,Franny,Kewzick,fkewzickq1@bizjournals.com,Female,103.80.93.132,09/14/2018,
939,Marigold,Treamayne,mtreamayneq2@cmu.edu,Female,13.31.205.116,06/25/2018,
940,Adaline,Schaffler,aschafflerq3@marketwatch.com,Female,253.234.246.188,11/29/2018,
941,Gerald,Gawke,ggawkeq4@pen.io,Male,49.28.174.157,06/26/2018,
942,Katharina,Mayte,kmayteq5@bizjournals.com,Female,84.152.227.223,03/31/2018,
943,Jemmy,Summerton,jsummertonq6@sciencedaily.com,Female,50.218.223.202,03/16/2018,
944,Sergio,Lowrie,slowrieq7@bloglines.com,Male,219.39.200.101,11/13/2018,
945,Nestor,Nairns,nnairnsq8@uiuc.edu,Male,45.5.144.118,04/04/2018,
946,Issi,Humpherson,ihumphersonq9@odnoklassniki.ru,Female,211.184.95.76,08/14/2018,
947,Adolphus,Corran,acorranqa@wikia.com,Male,75.216.172.111,09/21/2018,
948,Leia,Brettell,lbrettellqb@hc360.com,Female,148.185.6.118,11/05/2018,
949,Eldin,Dillintone,edillintoneqc@sbwire.com,Male,219.164.61.234,06/09/2018,
950,Nannette,Giacomo,ngiacomoqd@github.com,Female,248.36.106.81,10/15/2018,
951,Quincey,Beeching,qbeechingqe@skyrock.com,Male,14.186.129.18,07/15/2018,
952,Annabela,Grichukhanov,agrichukhanovqf@ucla.edu,Female,77.179.189.37,09/10/2018,
953,Cecilia,Weathers,cweathersqg@columbia.edu,Female,222.81.240.103,02/22/2018,
954,Gwenny,Lawden,glawdenqh@eventbrite.com,Female,101.128.235.214,08/21/2018,
955,Carmina,Tomsa,ctomsaqi@google.com,Female,113.197.59.252,03/15/2018,
956,Mischa,O'Meara,momearaqj@acquirethisname.com,Male,144.106.210.138,02/20/2018,
957,Corny,Llorente,cllorenteqk@biglobe.ne.jp,Male,66.130.135.156,01/07/2019,
958,Skip,Trevena,strevenaql@comsenz.com,Male,94.49.45.255,05/04/2018,
959,Palm,Vickerman,pvickermanqm@microsoft.com,Male,168.178.47.29,05/20/2018,
960,Jewell,Gellan,jgellanqn@rakuten.co.jp,Female,187.152.109.13,08/01/2018,
961,Basilius,Ovitz,bovitzqo@flavors.me,Male,62.33.182.52,10/30/2018,
962,Ariela,Bather,abatherqp@w3.org,Female,21.7.254.155,03/23/2018,
963,Gwynne,Blatchford,gblatchfordqq@bbc.co.uk,Female,176.208.17.202,10/16/2018,
964,Ber,Godrich,bgodrichqr@artisteer.com,Male,5.81.218.19,06/06/2018,
965,Jodi,Balm,jbalmqs@amazon.com,Male,55.96.39.62,04/27/2018,
966,Sibylla,Rosencrantz,srosencrantzqt@accuweather.com,Female,34.85.82.152,10/01/2018,
967,Morly,Conklin,mconklinqu@soup.io,Male,164.250.107.95,02/08/2018,
968,Ardith,Atlee,aatleeqv@dedecms.com,Female,31.68.67.90,01/21/2018,
969,Toddy,Tockell,ttockellqw@mozilla.org,Male,128.78.155.38,04/23/2018,
970,Pennie,Nigh,pnighqx@newyorker.com,Female,113.84.172.157,02/18/2018,
971,Melosa,Ambroisin,mambroisinqy@japanpost.jp,Female,240.49.94.238,02/05/2018,
972,Rae,Speerman,rspeermanqz@state.tx.us,Female,127.248.26.241,11/18/2018,
973,Malanie,Molden,mmoldenr0@businessinsider.com,Female,120.158.209.183,12/23/2018,
974,Gustav,O' Liddy,goliddyr1@stumbleupon.com,Male,111.134.67.22,11/04/2018,
975,Marcie,Georgelin,mgeorgelinr2@china.com.cn,Female,80.152.47.157,07/22/2018,
976,Harlin,Townley,htownleyr3@godaddy.com,Male,229.228.196.111,11/22/2018,
977,Maximo,Corder,mcorderr4@unesco.org,Male,199.33.197.145,08/29/2018,
978,Carlota,Mattys,cmattysr5@buzzfeed.com,Female,36.76.191.121,07/31/2018,
979,Glenn,Pine,gpiner6@mit.edu,Male,217.155.10.119,12/01/2018,
980,Cassondra,Moogan,cmooganr7@cam.ac.uk,Female,181.16.238.149,08/06/2018,
981,Nilson,Straker,nstrakerr8@state.tx.us,Male,145.167.9.15,04/15/2018,
982,Tanner,Gawith,tgawithr9@ihg.com,Male,131.150.217.169,10/25/2018,
983,Erick,Coonihan,ecoonihanra@blogtalkradio.com,Male,67.77.251.26,03/03/2018,
984,Goldy,Akeherst,gakeherstrb@g.co,Female,93.114.36.95,05/28/2018,
985,Alberto,Kerin,akerinrc@wired.com,Male,252.117.204.115,11/20/2018,
986,Devland,Haborn,dhabornrd@google.com,Male,130.202.30.241,08/19/2018,
987,Duffy,Scutts,dscuttsre@marketwatch.com,Male,35.78.33.63,10/25/2018,
988,Cleavland,Campbell,ccampbellrf@about.me,Male,57.141.252.128,02/07/2018,
989,Emmet,Ilden,eildenrg@reuters.com,Male,113.116.39.161,10/28/2018,
990,Jennifer,Ybarra,jybarrarh@cornell.edu,Female,141.47.145.199,12/23/2018,
991,Nate,Skures,nskuresri@pen.io,Male,221.161.176.244,10/22/2018,
992,Lacy,Bosworth,lbosworthrj@vk.com,Female,96.78.210.86,11/06/2018,
993,Ingrim,Arnett,iarnettrk@uol.com.br,Male,12.253.124.209,07/18/2018,
994,Grethel,Smoote,gsmooterl@google.com.br,Female,44.77.157.200,01/02/2019,
995,Myron,Attoe,mattoerm@mozilla.org,Male,172.133.241.140,06/19/2018,
996,Aguistin,Speares,aspearesrn@msu.edu,Male,233.68.116.211,04/04/2018,
997,Camel,Dockrey,cdockreyro@oaic.gov.au,Female,79.45.215.127,01/27/2018,
998,Doria,Knewstubb,dknewstubbrp@tiny.cc,Female,119.113.79.178,11/21/2018,
999,Orrin,MacSkeaghan,omacskeaghanrq@hugedomains.com,Male,22.65.230.141,05/11/2018,
1000,Silvano,Presnell,spresnellrr@yahoo.com,Male,226.159.0.152,04/13/2018,
